end_sample,start_sample,true_y,y,y_eeg,y_nirs
22942,22692,1,1,1,3
23004,22754,1,3,1,3
23066,22816,1,1,1,3
23128,22878,1,1,1,3
23190,22940,1,3,1,3
23252,23002,1,1,1,3
23314,23064,1,3,1,3
23376,23126,1,3,1,3
23438,23188,1,3,2,3
23500,23250,1,2,2,3
23562,23312,1,2,2,3
23624,23374,1,1,1,3
23686,23436,1,1,1,1
23748,23498,1,1,1,1
23810,23560,1,1,3,1
23872,23622,1,1,3,1
23934,23684,1,3,3,1
23996,23746,1,3,2,1
24058,23808,1,2,2,1
24120,23870,1,2,2,1
24182,23932,1,1,2,1
24244,23994,1,1,1,1
24306,24056,1,1,1,1
24368,24118,1,1,1,1
24430,24180,1,1,1,1
24492,24242,1,1,1,1
24554,24304,1,1,3,1
24616,24366,1,3,3,1
24678,24428,1,3,3,1
24740,24490,1,3,3,1
24802,24552,1,3,3,1
24864,24614,1,3,3,1
25546,25296,2,3,3,3
25608,25358,2,3,3,3
25670,25420,2,3,1,3
25732,25482,2,3,1,3
25794,25544,2,1,1,3
25856,25606,2,1,1,3
25918,25668,2,3,1,3
25980,25730,2,3,1,3
26042,25792,2,3,1,3
26104,25854,2,1,1,3
26166,25916,2,1,1,1
26228,25978,2,1,1,1
26290,26040,2,1,1,1
26352,26102,2,1,1,1
26414,26164,2,1,1,1
26476,26226,2,1,1,1
26538,26288,2,1,1,1
26600,26350,2,1,1,1
26662,26412,2,1,1,1
26724,26474,2,1,1,1
26786,26536,2,1,1,1
26848,26598,2,1,1,1
26910,26660,2,1,1,1
26972,26722,2,1,3,1
27034,26784,2,1,2,1
27096,26846,2,1,2,1
27158,26908,2,1,2,1
27220,26970,2,1,2,1
27282,27032,2,1,1,1
27344,27094,2,1,1,1
27406,27156,2,1,1,1
27468,27218,2,1,1,2
27530,27280,2,1,1,2
28212,27962,1,3,3,2
28274,28024,1,3,3,2
28336,28086,1,1,3,2
28398,28148,1,1,1,1
28460,28210,1,1,1,1
28522,28272,1,1,1,1
28584,28334,1,1,1,1
28646,28396,1,1,1,1
28708,28458,1,1,1,3
28770,28520,1,1,1,3
28832,28582,1,1,1,3
28894,28644,1,1,1,3
28956,28706,1,1,1,1
29018,28768,1,1,1,1
29080,28830,1,1,1,1
29142,28892,1,1,1,1
29204,28954,1,1,1,1
29266,29016,1,1,1,1
29328,29078,1,1,1,1
29390,29140,1,1,1,1
29452,29202,1,1,1,1
29514,29264,1,1,1,3
29576,29326,1,1,1,3
29638,29388,1,1,1,3
29700,29450,1,1,1,3
29762,29512,1,1,1,2
29824,29574,1,1,1,2
29886,29636,1,1,1,2
29948,29698,1,1,1,2
30010,29760,1,1,1,2
30072,29822,1,1,1,1
30134,29884,1,1,1,1
30816,30566,3,1,1,1
30878,30628,3,1,1,1
30940,30690,3,1,1,1
31002,30752,3,1,1,1
31064,30814,3,1,1,1
31126,30876,3,1,1,1
31188,30938,3,1,1,1
31250,31000,3,1,1,1
31312,31062,3,1,1,2
31374,31124,3,1,1,3
31436,31186,3,1,1,3
31498,31248,3,3,1,3
31560,31310,3,1,1,3
31622,31372,3,1,1,3
31684,31434,3,1,1,3
31746,31496,3,1,1,3
31808,31558,3,1,1,3
31870,31620,3,1,1,3
31932,31682,3,1,1,3
31994,31744,3,1,1,3
32056,31806,3,1,1,3
32118,31868,3,1,1,1
32180,31930,3,1,1,1
32242,31992,3,1,1,1
32304,32054,3,1,1,1
32366,32116,3,1,1,1
32428,32178,3,1,3,1
32490,32240,3,1,3,2
32552,32302,3,1,3,2
32614,32364,3,1,1,1
32676,32426,3,1,1,1
32738,32488,3,1,1,1
33420,33170,1,1,1,2
33482,33232,1,1,1,2
33544,33294,1,1,1,2
33606,33356,1,1,1,2
33668,33418,1,1,1,2
33730,33480,1,1,1,2
33792,33542,1,1,1,2
33854,33604,1,1,1,2
33916,33666,1,1,1,3
33978,33728,1,1,1,3
34040,33790,1,3,1,3
34102,33852,1,3,1,3
34164,33914,1,3,1,3
34226,33976,1,3,1,3
34288,34038,1,1,1,2
34350,34100,1,1,1,2
34412,34162,1,1,1,1
34474,34224,1,1,3,2
34536,34286,1,1,1,2
34598,34348,1,1,1,1
34660,34410,1,1,1,1
34722,34472,1,1,1,1
34784,34534,1,1,1,1
34846,34596,1,1,1,1
34908,34658,1,1,1,1
34970,34720,1,1,1,1
35032,34782,1,1,1,1
35094,34844,1,1,1,1
35156,34906,1,1,1,3
35218,34968,1,1,1,3
35280,35030,1,1,1,3
35342,35092,1,1,1,3
35404,35154,1,1,1,3
36086,35836,3,1,1,1
36148,35898,3,1,1,1
36210,35960,3,1,1,1
36272,36022,3,1,1,1
36334,36084,3,1,1,1
36396,36146,3,1,1,1
36458,36208,3,3,3,1
36520,36270,3,3,3,1
36582,36332,3,3,3,1
36644,36394,3,3,3,1
36706,36456,3,3,3,1
36768,36518,3,3,3,1
36830,36580,3,3,3,1
36892,36642,3,3,3,1
36954,36704,3,3,3,1
37016,36766,3,1,3,1
37078,36828,3,1,3,1
37140,36890,3,1,3,1
37202,36952,3,1,3,1
37264,37014,3,1,3,1
37326,37076,3,1,3,1
37388,37138,3,3,3,1
37450,37200,3,3,3,1
37512,37262,3,1,3,1
37574,37324,3,1,1,1
37636,37386,3,1,1,1
37698,37448,3,1,1,1
37760,37510,3,1,1,1
37822,37572,3,1,1,1
37884,37634,3,1,1,1
37946,37696,3,1,1,1
38008,37758,3,1,1,1
38690,38440,1,1,1,3
38752,38502,1,1,1,3
38814,38564,1,1,1,3
38876,38626,1,1,1,3
38938,38688,1,1,1,3
39000,38750,1,1,1,3
39062,38812,1,1,1,3
39124,38874,1,1,1,3
39186,38936,1,1,1,1
39248,38998,1,1,1,1
39310,39060,1,1,1,1
39372,39122,1,1,1,1
39434,39184,1,1,1,1
39496,39246,1,1,1,1
39558,39308,1,1,1,3
39620,39370,1,1,1,3
39682,39432,1,1,1,3
39744,39494,1,1,1,3
39806,39556,1,1,1,1
39868,39618,1,1,1,1
39930,39680,1,1,1,1
39992,39742,1,1,1,1
40054,39804,1,1,1,1
40116,39866,1,1,1,1
40178,39928,1,1,1,1
40240,39990,1,1,3,1
40302,40052,1,1,3,1
40364,40114,1,1,1,1
40426,40176,1,1,1,1
40488,40238,1,1,1,1
40550,40300,1,1,1,1
40612,40362,1,1,1,1
41294,41044,2,1,1,3
41356,41106,2,1,1,3
41418,41168,2,1,1,3
41480,41230,2,1,1,3
41542,41292,2,1,1,3
41604,41354,2,1,1,3
41666,41416,2,1,1,3
41728,41478,2,1,1,3
41790,41540,2,1,1,3
41852,41602,2,3,1,3
41914,41664,2,3,3,3
41976,41726,2,3,3,3
42038,41788,2,3,3,3
42100,41850,2,3,3,3
42162,41912,2,3,3,1
42224,41974,2,3,3,1
42286,42036,2,3,3,2
42348,42098,2,1,1,2
42410,42160,2,1,1,2
42472,42222,2,1,1,2
42534,42284,2,1,1,2
42596,42346,2,1,1,2
42658,42408,2,2,1,2
42720,42470,2,2,2,2
42782,42532,2,2,2,2
42844,42594,2,2,1,2
42906,42656,2,2,1,2
42968,42718,2,3,3,2
43030,42780,2,3,1,2
43092,42842,2,3,3,3
43154,42904,2,3,1,3
43216,42966,2,1,1,3
43278,43028,2,1,1,3
44022,43772,1,1,1,3
44084,43834,1,1,1,3
44146,43896,1,1,1,3
44208,43958,1,1,1,3
44270,44020,1,1,1,3
44332,44082,1,1,1,3
44394,44144,1,1,1,3
44456,44206,1,1,1,3
44518,44268,1,1,1,3
44580,44330,1,1,1,3
44642,44392,1,1,1,3
44704,44454,1,1,1,3
44766,44516,1,1,1,3
44828,44578,1,1,1,3
44890,44640,1,1,1,3
44952,44702,1,1,1,3
45014,44764,1,1,1,1
45076,44826,1,1,1,1
45138,44888,1,1,1,1
45200,44950,1,1,1,1
45262,45012,1,1,1,1
45324,45074,1,1,1,1
45386,45136,1,1,1,1
45448,45198,1,1,1,1
45510,45260,1,1,1,1
45572,45322,1,1,1,1
45634,45384,1,1,1,1
45696,45446,1,1,1,1
45758,45508,1,1,1,3
45820,45570,1,1,1,3
45882,45632,1,1,1,3
45944,45694,1,3,1,3
46626,46376,3,3,1,3
46688,46438,3,3,1,3
46750,46500,3,2,1,3
46812,46562,3,2,1,2
46874,46624,3,2,1,2
46936,46686,3,2,2,2
46998,46748,3,2,1,2
47060,46810,3,2,1,2
47122,46872,3,2,1,2
47184,46934,3,1,1,1
47246,46996,3,1,1,1
47308,47058,3,1,2,1
47370,47120,3,1,1,1
47432,47182,3,1,1,1
47494,47244,3,1,1,1
47556,47306,3,1,1,1
47618,47368,3,1,1,1
47680,47430,3,1,1,1
47742,47492,3,1,1,1
47804,47554,3,1,1,1
47866,47616,3,1,1,1
47928,47678,3,1,1,1
47990,47740,3,3,3,3
48052,47802,3,3,2,3
48114,47864,3,3,2,3
48176,47926,3,3,2,1
48238,47988,3,3,2,1
48300,48050,3,1,2,1
48362,48112,3,2,2,1
48424,48174,3,2,2,1
48486,48236,3,2,2,2
48548,48298,3,2,2,2
49230,48980,1,1,1,1
49292,49042,1,1,1,1
49354,49104,1,1,1,1
49416,49166,1,1,1,1
49478,49228,1,1,1,1
49540,49290,1,1,1,1
49602,49352,1,1,1,1
49664,49414,1,1,1,1
49726,49476,1,1,1,1
49788,49538,1,1,1,1
49850,49600,1,1,1,1
49912,49662,1,1,1,1
49974,49724,1,1,1,1
50036,49786,1,1,1,1
50098,49848,1,1,1,1
50160,49910,1,1,1,1
50222,49972,1,1,1,1
50284,50034,1,1,1,1
50346,50096,1,1,1,1
50408,50158,1,1,1,3
50470,50220,1,1,1,2
50532,50282,1,1,1,2
50594,50344,1,1,1,2
50656,50406,1,1,1,2
50718,50468,1,1,1,2
50780,50530,1,1,1,1
50842,50592,1,1,1,1
50904,50654,1,1,1,1
50966,50716,1,1,1,1
51028,50778,1,2,2,1
51090,50840,1,1,1,1
51152,50902,1,1,1,1
51896,51646,3,3,2,3
51958,51708,3,3,2,3
52020,51770,3,1,1,3
52082,51832,3,1,1,3
52144,51894,3,1,1,3
52206,51956,3,2,1,3
52268,52018,3,2,1,3
52330,52080,3,2,1,3
52392,52142,3,2,2,2
52454,52204,3,2,2,2
52516,52266,3,2,2,2
52578,52328,3,2,2,2
52640,52390,3,2,2,2
52702,52452,3,2,1,2
52764,52514,3,2,1,2
52826,52576,3,2,1,2
52888,52638,3,2,1,2
52950,52700,3,2,2,2
53012,52762,3,2,2,2
53074,52824,3,2,2,1
53136,52886,3,2,2,1
53198,52948,3,2,2,1
53260,53010,3,2,1,2
53322,53072,3,2,1,2
53384,53134,3,2,1,2
53446,53196,3,2,1,2
53508,53258,3,1,1,2
53570,53320,3,1,1,2
53632,53382,3,1,1,2
53694,53444,3,1,1,1
53756,53506,3,1,1,1
53818,53568,3,1,1,1
54500,54250,1,1,1,1
54562,54312,1,1,1,1
54624,54374,1,1,1,1
54686,54436,1,1,1,1
54748,54498,1,1,1,1
54810,54560,1,1,1,1
54872,54622,1,1,1,1
54934,54684,1,1,1,1
54996,54746,1,1,3,1
55058,54808,1,3,3,3
55120,54870,1,3,3,3
55182,54932,1,3,3,3
55244,54994,1,3,1,3
55306,55056,1,1,1,3
55368,55118,1,1,1,1
55430,55180,1,1,1,1
55492,55242,1,1,1,1
55554,55304,1,1,1,1
55616,55366,1,1,1,1
55678,55428,1,1,1,1
55740,55490,1,1,1,1
55802,55552,1,1,1,1
55864,55614,1,1,1,1
55926,55676,1,1,1,1
55988,55738,1,1,1,1
56050,55800,1,1,1,1
56112,55862,1,1,1,1
56174,55924,1,1,1,2
56236,55986,1,1,1,2
56298,56048,1,1,1,2
56360,56110,1,1,1,1
56422,56172,1,1,1,1
57104,56854,2,1,2,1
57166,56916,2,2,2,1
57228,56978,2,1,1,1
57290,57040,2,3,1,3
57352,57102,2,1,1,3
57414,57164,2,1,1,2
57476,57226,2,1,1,3
57538,57288,2,1,1,3
57600,57350,2,1,1,3
57662,57412,2,1,1,3
57724,57474,2,2,1,3
57786,57536,2,3,1,3
57848,57598,2,3,1,3
57910,57660,2,3,1,2
57972,57722,2,2,3,2
58034,57784,2,2,1,2
58096,57846,2,2,1,2
58158,57908,2,2,2,2
58220,57970,2,2,2,2
58282,58032,2,2,2,2
58344,58094,2,2,3,2
58406,58156,2,3,3,2
58468,58218,2,3,3,2
58530,58280,2,3,3,2
58592,58342,2,3,3,2
58654,58404,2,3,3,2
58716,58466,2,3,3,2
58778,58528,2,3,3,1
58840,58590,2,3,3,1
58902,58652,2,3,3,1
58964,58714,2,3,3,1
59026,58776,2,3,3,1
59088,58838,2,3,3,1
59770,59520,1,1,1,1
59832,59582,1,1,1,1
59894,59644,1,1,1,1
59956,59706,1,1,1,1
60018,59768,1,1,1,1
60080,59830,1,1,1,1
60142,59892,1,1,1,1
60204,59954,1,1,1,1
60266,60016,1,1,1,1
60328,60078,1,1,1,1
60390,60140,1,1,1,1
60452,60202,1,1,1,1
60514,60264,1,1,1,1
60576,60326,1,2,1,2
60638,60388,1,1,1,2
60700,60450,1,2,1,2
60762,60512,1,3,1,2
60824,60574,1,3,1,2
60886,60636,1,3,1,2
60948,60698,1,3,1,2
61010,60760,1,3,1,2
61072,60822,1,3,1,3
61134,60884,1,3,1,3
61196,60946,1,3,1,3
61258,61008,1,3,1,3
61320,61070,1,1,1,3
61382,61132,1,1,1,3
61444,61194,1,1,1,3
61506,61256,1,1,1,3
61568,61318,1,1,1,3
61630,61380,1,1,1,3
61692,61442,1,1,1,3
62374,62124,2,2,1,3
62436,62186,2,2,1,3
62498,62248,2,2,2,2
62560,62310,2,2,2,2
62622,62372,2,1,1,2
62684,62434,2,1,1,2
62746,62496,2,1,1,2
62808,62558,2,1,1,3
62870,62620,2,2,1,3
62932,62682,2,2,1,3
62994,62744,2,2,1,3
63056,62806,2,2,2,3
63118,62868,2,2,2,3
63180,62930,2,3,2,3
63242,62992,2,3,2,3
63304,63054,2,3,2,3
63366,63116,2,3,2,3
63428,63178,2,3,1,3
63490,63240,2,3,1,3
63552,63302,2,3,1,3
63614,63364,2,3,3,3
63676,63426,2,3,3,3
63738,63488,2,3,3,3
63800,63550,2,3,3,3
63862,63612,2,3,3,3
63924,63674,2,3,3,3
63986,63736,2,2,3,2
64048,63798,2,2,2,2
64110,63860,2,2,2,2
64172,63922,2,2,2,1
64234,63984,2,2,2,1
64296,64046,2,2,2,1
65102,64852,1,1,1,1
65164,64914,1,1,1,1
65226,64976,1,1,1,1
65288,65038,1,1,1,1
65350,65100,1,1,1,1
65412,65162,1,1,1,1
65474,65224,1,1,1,1
65536,65286,1,1,1,1
65598,65348,1,1,1,1
65660,65410,1,1,1,1
65722,65472,1,1,1,1
65784,65534,1,1,1,1
65846,65596,1,1,1,1
65908,65658,1,1,1,1
65970,65720,1,1,1,1
66032,65782,1,1,1,1
66094,65844,1,1,1,3
66156,65906,1,1,1,2
66218,65968,1,1,1,2
66280,66030,1,1,1,2
66342,66092,1,1,1,2
66404,66154,1,1,1,2
66466,66216,1,1,1,2
66528,66278,1,1,1,2
66590,66340,1,1,1,1
66652,66402,1,1,1,1
66714,66464,1,1,1,1
66776,66526,1,1,1,1
66838,66588,1,1,1,1
66900,66650,1,1,1,3
66962,66712,1,1,2,3
67024,66774,1,1,1,3
67768,67518,2,2,2,3
67830,67580,2,2,2,3
67892,67642,2,2,2,3
67954,67704,2,2,2,3
68016,67766,2,2,2,3
68078,67828,2,2,2,3
68140,67890,2,2,2,3
68202,67952,2,2,1,2
68264,68014,2,2,1,2
68326,68076,2,1,1,2
68388,68138,2,1,1,2
68450,68200,2,2,3,2
68512,68262,2,3,3,2
68574,68324,2,3,3,2
68636,68386,2,3,3,2
68698,68448,2,2,3,2
68760,68510,2,2,3,2
68822,68572,2,3,3,2
68884,68634,2,3,3,2
68946,68696,2,2,3,2
69008,68758,2,3,3,2
69070,68820,2,3,1,3
69132,68882,2,3,1,3
69194,68944,2,1,1,3
69256,69006,2,3,2,3
69318,69068,2,2,2,3
69380,69130,2,2,2,1
69442,69192,2,2,2,1
69504,69254,2,3,2,1
69566,69316,2,3,2,1
69628,69378,2,3,2,1
69690,69440,2,2,2,1
70372,70122,1,1,2,1
70434,70184,1,1,1,1
70496,70246,1,1,1,1
70558,70308,1,1,1,2
70620,70370,1,1,1,2
70682,70432,1,1,1,2
70744,70494,1,1,1,2
70806,70556,1,1,1,2
70868,70618,1,1,1,1
70930,70680,1,1,1,1
70992,70742,1,1,1,1
71054,70804,1,1,1,1
71116,70866,1,1,1,1
71178,70928,1,1,3,1
71240,70990,1,1,3,1
71302,71052,1,1,1,1
71364,71114,1,1,1,1
71426,71176,1,1,1,1
71488,71238,1,1,1,1
71550,71300,1,1,1,1
71612,71362,1,1,1,1
71674,71424,1,1,1,1
71736,71486,1,1,1,1
71798,71548,1,1,1,3
71860,71610,1,1,1,3
71922,71672,1,1,1,3
71984,71734,1,1,1,1
72046,71796,1,1,1,1
72108,71858,1,1,1,1
72170,71920,1,1,1,3
72232,71982,1,1,1,3
72294,72044,1,1,1,3
72976,72726,2,3,1,3
73038,72788,2,3,1,3
73100,72850,2,3,2,3
73162,72912,2,2,2,3
73224,72974,2,2,2,3
73286,73036,2,2,2,3
73348,73098,2,2,1,3
73410,73160,2,3,1,3
73472,73222,2,3,2,3
73534,73284,2,3,2,3
73596,73346,2,3,2,3
73658,73408,2,3,2,3
73720,73470,2,3,2,3
73782,73532,2,3,2,3
73844,73594,2,3,2,3
73906,73656,2,3,2,3
73968,73718,2,3,2,3
74030,73780,2,3,2,3
74092,73842,2,3,2,3
74154,73904,2,3,2,3
74216,73966,2,3,2,3
74278,74028,2,1,1,3
74340,74090,2,2,2,3
74402,74152,2,2,2,3
74464,74214,2,1,2,3
74526,74276,2,1,1,3
74588,74338,2,1,1,1
74650,74400,2,1,1,1
74712,74462,2,1,2,1
74774,74524,2,1,2,1
74836,74586,2,1,2,1
74898,74648,2,1,1,3
74960,74710,2,1,1,3
75642,75392,1,2,2,3
75704,75454,1,1,1,3
75766,75516,1,1,1,1
75828,75578,1,1,1,1
75890,75640,1,1,1,1
75952,75702,1,1,1,1
76014,75764,1,1,1,1
76076,75826,1,1,1,2
76138,75888,1,1,1,2
76200,75950,1,1,1,2
76262,76012,1,1,1,1
76324,76074,1,1,1,1
76386,76136,1,1,1,1
76448,76198,1,1,1,1
76510,76260,1,1,1,1
76572,76322,1,1,1,1
76634,76384,1,1,1,1
76696,76446,1,1,1,1
76758,76508,1,1,1,1
76820,76570,1,1,1,1
76882,76632,1,1,1,1
76944,76694,1,1,1,1
77006,76756,1,1,1,1
77068,76818,1,1,1,1
77130,76880,1,1,1,1
77192,76942,1,1,1,3
77254,77004,1,1,1,3
77316,77066,1,1,1,3
77378,77128,1,1,1,3
77440,77190,1,1,1,3
77502,77252,1,1,1,3
77564,77314,1,1,1,1
78246,77996,3,2,2,1
78308,78058,3,2,2,3
78370,78120,3,2,2,3
78432,78182,3,2,2,3
78494,78244,3,2,2,2
78556,78306,3,2,2,2
78618,78368,3,2,2,2
78680,78430,3,1,1,2
78742,78492,3,1,1,2
78804,78554,3,1,1,2
78866,78616,3,1,1,2
78928,78678,3,1,1,2
78990,78740,3,3,3,2
79052,78802,3,3,3,2
79114,78864,3,2,3,2
79176,78926,3,2,2,2
79238,78988,3,2,2,2
79300,79050,3,2,2,2
79362,79112,3,2,1,3
79424,79174,3,1,1,3
79486,79236,3,1,1,3
79548,79298,3,1,1,3
79610,79360,3,1,1,2
79672,79422,3,1,1,2
79734,79484,3,1,1,2
79796,79546,3,3,3,2
79858,79608,3,3,3,3
79920,79670,3,3,3,3
79982,79732,3,3,3,1
80044,79794,3,3,3,1
80106,79856,3,3,3,1
80168,79918,3,3,3,1
80850,80600,1,1,1,3
80912,80662,1,1,1,3
80974,80724,1,1,1,3
81036,80786,1,1,1,3
81098,80848,1,1,1,3
81160,80910,1,1,1,3
81222,80972,1,1,1,3
81284,81034,1,1,1,3
81346,81096,1,1,1,3
81408,81158,1,1,1,3
81470,81220,1,1,1,3
81532,81282,1,1,1,3
81594,81344,1,1,1,3
81656,81406,1,1,1,1
81718,81468,1,1,1,1
81780,81530,1,1,1,1
81842,81592,1,1,2,1
81904,81654,1,1,2,1
81966,81716,1,1,2,1
82028,81778,1,1,2,1
82090,81840,1,1,2,1
82152,81902,1,1,2,1
82214,81964,1,2,2,1
82276,82026,1,2,2,1
82338,82088,1,2,2,1
82400,82150,1,2,2,1
82462,82212,1,2,2,2
82524,82274,1,2,3,2
82586,82336,1,3,3,3
82648,82398,1,3,3,3
82710,82460,1,3,3,3
82772,82522,1,3,1,3
83516,83266,3,2,2,3
83578,83328,3,2,1,3
83640,83390,3,2,2,3
83702,83452,3,2,2,3
83764,83514,3,2,2,3
83826,83576,3,3,2,3
83888,83638,3,3,2,1
83950,83700,3,3,2,1
84012,83762,3,3,3,3
84074,83824,3,3,3,3
84136,83886,3,3,3,3
84198,83948,3,3,3,3
84260,84010,3,3,3,3
84322,84072,3,3,3,3
84384,84134,3,3,1,3
84446,84196,3,1,1,3
84508,84258,3,1,1,3
84570,84320,3,1,1,3
84632,84382,3,1,1,3
84694,84444,3,1,1,3
84756,84506,3,1,1,3
84818,84568,3,3,1,3
84880,84630,3,3,3,2
84942,84692,3,3,3,2
85004,84754,3,3,3,2
85066,84816,3,2,2,2
85128,84878,3,2,1,2
85190,84940,3,2,1,2
85252,85002,3,2,1,2
85314,85064,3,2,1,2
85376,85126,3,2,1,2
85438,85188,3,1,1,2
86182,85932,1,1,1,1
86244,85994,1,1,1,1
86306,86056,1,1,1,1
86368,86118,1,1,1,1
86430,86180,1,1,1,1
86492,86242,1,1,1,1
86554,86304,1,1,1,1
86616,86366,1,1,1,1
86678,86428,1,1,1,1
86740,86490,1,1,1,1
86802,86552,1,1,1,3
86864,86614,1,1,1,1
86926,86676,1,1,1,1
86988,86738,1,1,1,1
87050,86800,1,1,1,1
87112,86862,1,1,1,1
87174,86924,1,1,1,1
87236,86986,1,1,1,1
87298,87048,1,1,1,1
87360,87110,1,1,1,1
87422,87172,1,1,1,1
87484,87234,1,1,1,1
87546,87296,1,1,1,1
87608,87358,1,1,1,1
87670,87420,1,1,1,1
87732,87482,1,1,1,1
87794,87544,1,1,1,3
87856,87606,1,1,1,3
87918,87668,1,1,1,3
87980,87730,1,1,1,3
88042,87792,1,1,1,3
88104,87854,1,1,1,1
88786,88536,2,1,1,2
88848,88598,2,2,2,2
88910,88660,2,2,2,1
88972,88722,2,3,2,3
89034,88784,2,3,3,3
89096,88846,2,3,3,3
89158,88908,2,3,3,3
89220,88970,2,3,3,3
89282,89032,2,3,3,3
89344,89094,2,3,1,3
89406,89156,2,1,1,3
89468,89218,2,1,1,3
89530,89280,2,1,1,3
89592,89342,2,1,1,3
89654,89404,2,1,1,3
89716,89466,2,3,1,3
89778,89528,2,3,3,2
89840,89590,2,3,3,2
89902,89652,2,3,3,3
89964,89714,2,3,3,3
90026,89776,2,3,3,3
90088,89838,2,3,3,3
90150,89900,2,3,3,3
90212,89962,2,3,3,3
90274,90024,2,3,3,3
90336,90086,2,3,3,3
90398,90148,2,3,3,3
90460,90210,2,3,3,3
90522,90272,2,3,3,3
90584,90334,2,3,3,1
90646,90396,2,3,3,1
90708,90458,2,3,3,1
90770,90520,2,1,3,1
91452,91202,1,1,1,1
91514,91264,1,1,1,1
91576,91326,1,1,2,1
91638,91388,1,1,2,1
91700,91450,1,1,2,1
91762,91512,1,1,2,1
91824,91574,1,1,2,1
91886,91636,1,1,2,1
91948,91698,1,1,2,1
92010,91760,1,2,2,1
92072,91822,1,2,2,1
92134,91884,1,2,2,1
92196,91946,1,2,2,1
92258,92008,1,2,2,1
92320,92070,1,2,2,1
92382,92132,1,2,2,1
92444,92194,1,2,2,1
92506,92256,1,2,2,1
92568,92318,1,1,2,1
92630,92380,1,1,1,1
92692,92442,1,1,1,1
92754,92504,1,1,1,1
92816,92566,1,1,1,1
92878,92628,1,1,1,1
92940,92690,1,1,1,1
93002,92752,1,3,3,3
93064,92814,1,3,3,3
93126,92876,1,3,3,3
93188,92938,1,3,3,2
93250,93000,1,3,3,2
93312,93062,1,3,3,2
93374,93124,1,1,1,2
94056,93806,2,3,3,3
94118,93868,2,2,2,3
94180,93930,2,2,2,3
94242,93992,2,2,1,3
94304,94054,2,1,1,3
94366,94116,2,1,1,2
94428,94178,2,1,1,2
94490,94240,2,1,1,2
94552,94302,2,1,1,2
94614,94364,2,1,1,2
94676,94426,2,1,1,2
94738,94488,2,2,1,2
94800,94550,2,2,2,2
94862,94612,2,2,2,2
94924,94674,2,2,2,2
94986,94736,2,2,2,3
95048,94798,2,2,2,3
95110,94860,2,2,2,3
95172,94922,2,2,2,3
95234,94984,2,3,3,3
95296,95046,2,3,3,3
95358,95108,2,3,3,3
95420,95170,2,3,3,3
95482,95232,2,3,3,3
95544,95294,2,3,1,3
95606,95356,2,3,1,3
95668,95418,2,1,1,3
95730,95480,2,1,1,3
95792,95542,2,1,1,2
95854,95604,2,1,1,2
95916,95666,2,1,1,2
95978,95728,2,1,1,2
96660,96410,1,1,1,2
96722,96472,1,1,1,2
96784,96534,1,1,1,2
96846,96596,1,1,1,2
96908,96658,1,1,1,2
96970,96720,1,1,1,2
97032,96782,1,1,1,2
97094,96844,1,1,1,1
97156,96906,1,1,1,1
97218,96968,1,1,1,1
97280,97030,1,1,1,1
97342,97092,1,1,1,1
97404,97154,1,1,1,1
97466,97216,1,1,1,1
97528,97278,1,1,1,1
97590,97340,1,1,1,1
97652,97402,1,1,1,1
97714,97464,1,1,1,1
97776,97526,1,1,1,1
97838,97588,1,1,1,1
97900,97650,1,1,1,1
97962,97712,1,1,1,1
98024,97774,1,1,1,1
98086,97836,1,1,1,1
98148,97898,1,1,1,1
98210,97960,1,1,1,1
98272,98022,1,1,1,1
98334,98084,1,1,1,1
98396,98146,1,1,1,1
98458,98208,1,1,1,1
98520,98270,1,1,1,1
98582,98332,1,1,1,1
98644,98394,1,1,1,1
99326,99076,3,1,1,2
99388,99138,3,1,1,2
99450,99200,3,2,2,2
99512,99262,3,2,2,2
99574,99324,3,2,3,2
99636,99386,3,3,3,2
99698,99448,3,3,3,2
99760,99510,3,3,3,3
99822,99572,3,3,3,3
99884,99634,3,3,3,3
99946,99696,3,3,3,3
100008,99758,3,2,2,3
100070,99820,3,2,2,2
100132,99882,3,2,2,2
100194,99944,3,2,2,2
100256,100006,3,2,2,2
100318,100068,3,2,2,3
100380,100130,3,3,3,3
100442,100192,3,1,1,3
100504,100254,3,1,1,1
100566,100316,3,1,1,1
100628,100378,3,1,1,1
100690,100440,3,1,1,1
100752,100502,3,1,1,1
100814,100564,3,1,1,3
100876,100626,3,1,1,3
100938,100688,3,1,1,3
101000,100750,3,1,1,3
101062,100812,3,1,1,1
101124,100874,3,1,1,1
101186,100936,3,2,2,1
101248,100998,3,3,3,1
101930,101680,1,1,1,1
101992,101742,1,1,1,1
102054,101804,1,1,1,1
102116,101866,1,1,1,1
102178,101928,1,1,1,1
102240,101990,1,1,1,1
102302,102052,1,1,1,1
102364,102114,1,1,1,1
102426,102176,1,1,1,1
102488,102238,1,1,1,1
102550,102300,1,1,1,1
102612,102362,1,1,1,1
102674,102424,1,1,1,1
102736,102486,1,1,1,1
102798,102548,1,1,1,1
102860,102610,1,1,1,1
102922,102672,1,1,3,1
102984,102734,1,1,1,1
103046,102796,1,1,1,1
103108,102858,1,1,1,1
103170,102920,1,1,1,1
103232,102982,1,1,1,1
103294,103044,1,1,1,1
103356,103106,1,1,1,1
103418,103168,1,1,1,2
103480,103230,1,1,1,2
103542,103292,1,1,1,2
103604,103354,1,1,3,1
103666,103416,1,1,1,1
103728,103478,1,1,1,1
103790,103540,1,1,1,1
103852,103602,1,1,1,1
104534,104284,3,1,1,3
104596,104346,3,1,1,3
104658,104408,3,1,1,3
104720,104470,3,1,1,3
104782,104532,3,2,1,3
104844,104594,3,1,1,3
104906,104656,3,1,1,3
104968,104718,3,1,1,3
105030,104780,3,1,1,3
105092,104842,3,1,1,3
105154,104904,3,1,1,3
105216,104966,3,2,1,3
105278,105028,3,3,1,3
105340,105090,3,3,3,3
105402,105152,3,3,3,3
105464,105214,3,3,3,3
105526,105276,3,3,3,3
105588,105338,3,3,1,2
105650,105400,3,2,1,2
105712,105462,3,2,2,3
105774,105524,3,2,2,3
105836,105586,3,2,2,3
105898,105648,3,2,2,3
105960,105710,3,2,2,3
106022,105772,3,2,2,3
106084,105834,3,2,2,3
106146,105896,3,2,2,3
106208,105958,3,2,2,3
106270,106020,3,3,2,3
106332,106082,3,2,2,3
106394,106144,3,2,2,3
106456,106206,3,2,2,3
106518,106268,3,2,2,3
107262,107012,1,1,1,1
107324,107074,1,1,1,1
107386,107136,1,1,1,1
107448,107198,1,1,1,1
107510,107260,1,1,1,1
107572,107322,1,1,1,1
107634,107384,1,1,1,1
107696,107446,1,1,1,2
107758,107508,1,1,1,2
107820,107570,1,1,1,2
107882,107632,1,1,1,1
107944,107694,1,1,1,1
108006,107756,1,1,1,2
108068,107818,1,1,1,2
108130,107880,1,1,1,2
108192,107942,1,1,1,1
108254,108004,1,1,1,1
108316,108066,1,1,1,1
108378,108128,1,1,1,1
108440,108190,1,1,1,1
108502,108252,1,1,1,1
108564,108314,1,1,1,1
108626,108376,1,1,1,1
108688,108438,1,1,1,1
108750,108500,1,1,1,1
108812,108562,1,1,1,1
108874,108624,1,1,1,1
108936,108686,1,1,1,1
108998,108748,1,1,1,1
109060,108810,1,1,1,1
109122,108872,1,1,1,1
109184,108934,1,1,1,3
109866,109616,2,1,1,3
109928,109678,2,1,1,3
109990,109740,2,1,1,3
110052,109802,2,2,2,3
110114,109864,2,2,2,3
110176,109926,2,2,2,3
110238,109988,2,2,2,3
110300,110050,2,2,2,3
110362,110112,2,2,2,3
110424,110174,2,2,2,3
110486,110236,2,3,3,3
110548,110298,2,3,3,3
110610,110360,2,3,3,3
110672,110422,2,3,2,3
110734,110484,2,3,2,3
110796,110546,2,3,2,3
110858,110608,2,3,3,3
110920,110670,2,3,1,2
110982,110732,2,1,1,2
111044,110794,2,1,1,2
111106,110856,2,1,1,2
111168,110918,2,1,1,2
111230,110980,2,3,3,2
111292,111042,2,3,3,2
111354,111104,2,3,3,2
111416,111166,2,3,3,2
111478,111228,2,1,3,2
111540,111290,2,1,1,2
111602,111352,2,1,1,1
111664,111414,2,1,1,1
111726,111476,2,1,1,1
111788,111538,2,1,1,1
111850,111600,2,1,1,1
112532,112282,1,1,1,2
112594,112344,1,1,1,2
112656,112406,1,1,1,2
112718,112468,1,1,1,2
112780,112530,1,1,1,2
112842,112592,1,1,1,2
112904,112654,1,1,1,1
112966,112716,1,1,1,1
113028,112778,1,1,1,1
113090,112840,1,1,1,1
113152,112902,1,1,1,1
113214,112964,1,1,1,3
113276,113026,1,1,1,3
113338,113088,1,1,1,3
113400,113150,1,1,1,1
113462,113212,1,1,1,1
113524,113274,1,1,1,1
113586,113336,1,1,1,1
113648,113398,1,1,1,1
113710,113460,1,1,1,1
113772,113522,1,1,1,1
113834,113584,1,1,1,1
113896,113646,1,1,1,1
113958,113708,1,1,1,1
114020,113770,1,1,1,1
114082,113832,1,1,1,1
114144,113894,1,1,1,1
114206,113956,1,1,1,1
114268,114018,1,1,1,1
114330,114080,1,1,1,1
114392,114142,1,1,1,1
114454,114204,1,1,1,1
115136,114886,3,1,1,3
115198,114948,3,3,1,3
115260,115010,3,3,3,3
115322,115072,3,3,3,3
115384,115134,3,3,3,3
115446,115196,3,3,3,3
115508,115258,3,2,2,3
115570,115320,3,2,2,3
115632,115382,3,2,2,3
115694,115444,3,2,2,3
115756,115506,3,2,2,3
115818,115568,3,2,2,3
115880,115630,3,3,2,3
115942,115692,3,1,1,3
116004,115754,3,1,1,3
116066,115816,3,3,1,3
116128,115878,3,3,1,3
116190,115940,3,3,2,3
116252,116002,3,2,2,3
116314,116064,3,2,2,3
116376,116126,3,3,3,3
116438,116188,3,3,3,3
116500,116250,3,3,3,2
116562,116312,3,3,3,2
116624,116374,3,3,3,2
116686,116436,3,3,3,3
116748,116498,3,3,2,3
116810,116560,3,3,1,3
116872,116622,3,3,1,3
116934,116684,3,3,3,3
116996,116746,3,3,3,1
117058,116808,3,3,3,1
117740,117490,1,1,1,2
117802,117552,1,1,1,1
117864,117614,1,1,1,1
117926,117676,1,1,1,1
117988,117738,1,1,1,1
118050,117800,1,1,1,1
118112,117862,1,1,1,1
118174,117924,1,1,1,1
118236,117986,1,1,1,1
118298,118048,1,1,1,1
118360,118110,1,1,1,1
118422,118172,1,1,1,1
118484,118234,1,1,1,1
118546,118296,1,1,1,1
118608,118358,1,1,1,1
118670,118420,1,1,2,1
118732,118482,1,1,2,1
118794,118544,1,1,1,1
118856,118606,1,1,1,1
118918,118668,1,1,3,1
118980,118730,1,1,3,1
119042,118792,1,1,3,1
119104,118854,1,3,3,1
119166,118916,1,3,3,3
119228,118978,1,3,3,3
119290,119040,1,3,3,3
119352,119102,1,1,1,3
119414,119164,1,1,1,3
119476,119226,1,1,1,3
119538,119288,1,1,1,3
119600,119350,1,1,1,3
119662,119412,1,1,1,3
119724,119474,1,1,1,3
120406,120156,2,2,2,3
120468,120218,2,2,2,3
120530,120280,2,2,1,3
120592,120342,2,3,1,3
120654,120404,2,1,1,3
120716,120466,2,1,1,3
120778,120528,2,1,1,3
120840,120590,2,3,1,3
120902,120652,2,3,1,3
120964,120714,2,3,3,1
121026,120776,2,3,3,1
121088,120838,2,3,3,1
121150,120900,2,3,3,1
121212,120962,2,3,3,2
121274,121024,2,2,3,2
121336,121086,2,2,2,2
121398,121148,2,2,2,2
121460,121210,2,2,2,2
121522,121272,2,2,2,2
121584,121334,2,2,2,2
121646,121396,2,2,2,2
121708,121458,2,2,3,2
121770,121520,2,3,3,2
121832,121582,2,3,3,2
121894,121644,2,3,1,2
121956,121706,2,1,1,2
122018,121768,2,1,1,2
122080,121830,2,1,1,3
122142,121892,2,1,1,3
122204,121954,2,1,1,3
122266,122016,2,1,1,1
122328,122078,2,1,1,1
123010,122760,1,1,1,1
123072,122822,1,1,1,1
123134,122884,1,1,1,1
123196,122946,1,1,1,1
123258,123008,1,1,1,1
123320,123070,1,1,1,1
123382,123132,1,1,1,1
123444,123194,1,1,1,1
123506,123256,1,1,1,1
123568,123318,1,1,1,1
123630,123380,1,1,1,1
123692,123442,1,1,1,1
123754,123504,1,1,1,1
123816,123566,1,1,1,1
123878,123628,1,1,1,1
123940,123690,1,1,1,1
124002,123752,1,2,2,1
124064,123814,1,2,2,1
124126,123876,1,1,2,1
124188,123938,1,1,1,3
124250,124000,1,1,1,3
124312,124062,1,3,3,3
124374,124124,1,3,3,1
124436,124186,1,3,3,1
124498,124248,1,3,3,1
124560,124310,1,3,3,3
124622,124372,1,3,1,3
124684,124434,1,1,1,3
124746,124496,1,1,1,3
124808,124558,1,1,1,3
124870,124620,1,1,1,3
124932,124682,1,3,1,3
125614,125364,3,3,1,2
125676,125426,3,3,1,3
125738,125488,3,3,3,3
125800,125550,3,3,3,2
125862,125612,3,3,3,2
125924,125674,3,3,3,2
125986,125736,3,3,3,2
126048,125798,3,3,3,2
126110,125860,3,3,3,3
126172,125922,3,3,3,3
126234,125984,3,3,3,3
126296,126046,3,3,3,3
126358,126108,3,3,3,2
126420,126170,3,2,3,2
126482,126232,3,2,2,2
126544,126294,3,2,2,2
126606,126356,3,2,2,2
126668,126418,3,2,2,3
126730,126480,3,2,2,3
126792,126542,3,1,1,3
126854,126604,3,1,1,3
126916,126666,3,1,2,1
126978,126728,3,2,2,1
127040,126790,3,2,2,1
127102,126852,3,1,2,1
127164,126914,3,1,3,1
127226,126976,3,1,1,1
127288,127038,3,1,1,1
127350,127100,3,1,1,1
127412,127162,3,1,1,1
127474,127224,3,1,1,1
127536,127286,3,1,1,1
127598,127348,3,1,1,1
128342,128092,1,1,1,1
128404,128154,1,1,1,1
128466,128216,1,1,1,1
128528,128278,1,1,1,1
128590,128340,1,1,1,1
128652,128402,1,1,1,1
128714,128464,1,1,1,1
128776,128526,1,1,1,1
128838,128588,1,1,1,1
128900,128650,1,1,1,1
128962,128712,1,1,1,1
129024,128774,1,1,1,1
129086,128836,1,1,1,1
129148,128898,1,1,1,1
129210,128960,1,1,1,1
129272,129022,1,1,1,1
129334,129084,1,1,1,1
129396,129146,1,1,1,1
129458,129208,1,1,1,1
129520,129270,1,1,1,1
129582,129332,1,1,1,1
129644,129394,1,1,1,1
129706,129456,1,1,1,1
129768,129518,1,1,1,1
129830,129580,1,1,1,1
129892,129642,1,1,1,1
129954,129704,1,1,1,1
130016,129766,1,1,1,1
130078,129828,1,1,3,1
130140,129890,1,1,3,1
130202,129952,1,1,1,1
130264,130014,1,1,1,2
130946,130696,2,1,1,2
131008,130758,2,3,1,3
131070,130820,2,3,2,3
131132,130882,2,3,2,3
131194,130944,2,2,2,3
131256,131006,2,3,2,3
131318,131068,2,3,1,3
131380,131130,2,3,1,3
131442,131192,2,3,2,3
131504,131254,2,2,2,1
131566,131316,2,2,2,1
131628,131378,2,2,2,1
131690,131440,2,2,2,1
131752,131502,2,2,2,1
131814,131564,2,3,2,1
131876,131626,2,3,3,1
131938,131688,2,3,3,1
132000,131750,2,3,3,1
132062,131812,2,3,3,3
132124,131874,2,3,3,3
132186,131936,2,3,3,3
132248,131998,2,3,3,3
132310,132060,2,3,3,3
132372,132122,2,3,3,3
132434,132184,2,3,3,3
132496,132246,2,3,3,3
132558,132308,2,3,3,3
132620,132370,2,3,3,3
132682,132432,2,3,2,3
132744,132494,2,3,2,3
132806,132556,2,2,2,3
132868,132618,2,3,3,3
132930,132680,2,1,1,3
133612,133362,1,1,1,1
133674,133424,1,1,1,1
133736,133486,1,1,1,1
133798,133548,1,1,1,1
133860,133610,1,1,1,1
133922,133672,1,1,1,1
133984,133734,1,1,2,1
134046,133796,1,2,2,1
134108,133858,1,3,2,1
134170,133920,1,1,3,1
134232,133982,1,1,2,1
134294,134044,1,1,2,1
134356,134106,1,1,1,1
134418,134168,1,1,1,1
134480,134230,1,1,1,1
134542,134292,1,1,1,1
134604,134354,1,1,1,1
134666,134416,1,1,1,1
134728,134478,1,1,1,1
134790,134540,1,1,1,1
134852,134602,1,1,1,1
134914,134664,1,1,1,1
134976,134726,1,1,3,1
135038,134788,1,3,3,1
135100,134850,1,3,3,1
135162,134912,1,3,3,1
135224,134974,1,3,3,1
135286,135036,1,3,3,1
135348,135098,1,3,3,1
135410,135160,1,3,3,1
135472,135222,1,3,3,1
135534,135284,1,1,3,1
136216,135966,2,3,3,3
136278,136028,2,3,3,3
136340,136090,2,3,3,3
136402,136152,2,3,3,2
136464,136214,2,3,3,2
136526,136276,2,3,3,2
136588,136338,2,3,3,2
136650,136400,2,3,3,2
136712,136462,2,3,3,3
136774,136524,2,3,3,3
136836,136586,2,3,3,3
136898,136648,2,3,3,2
136960,136710,2,3,3,2
137022,136772,2,2,2,2
137084,136834,2,2,2,3
137146,136896,2,2,2,3
137208,136958,2,3,2,3
137270,137020,2,3,2,3
137332,137082,2,3,3,3
137394,137144,2,3,3,3
137456,137206,2,3,3,3
137518,137268,2,3,3,2
137580,137330,2,3,3,2
137642,137392,2,3,3,2
137704,137454,2,3,3,1
137766,137516,2,3,3,1
137828,137578,2,3,3,1
137890,137640,2,1,1,2
137952,137702,2,1,1,2
138014,137764,2,1,1,2
138076,137826,2,1,1,2
138138,137888,2,3,1,2
138820,138570,1,1,1,2
138882,138632,1,1,1,3
138944,138694,1,1,1,3
139006,138756,1,1,1,3
139068,138818,1,1,1,3
139130,138880,1,1,1,3
139192,138942,1,1,1,3
139254,139004,1,1,1,3
139316,139066,1,1,1,3
139378,139128,1,1,1,3
139440,139190,1,1,1,3
139502,139252,1,1,1,3
139564,139314,1,1,1,3
139626,139376,1,1,1,3
139688,139438,1,1,1,3
139750,139500,1,1,1,3
139812,139562,1,1,1,2
139874,139624,1,1,1,2
139936,139686,1,1,1,2
139998,139748,1,1,1,1
140060,139810,1,1,1,1
140122,139872,1,1,1,1
140184,139934,1,1,1,1
140246,139996,1,1,1,1
140308,140058,1,1,1,1
140370,140120,1,1,1,1
140432,140182,1,1,1,1
140494,140244,1,1,1,1
140556,140306,1,1,1,1
140618,140368,1,1,1,3
140680,140430,1,1,1,3
140742,140492,1,1,1,3
140804,140554,1,1,1,3
141486,141236,3,1,1,3
141548,141298,3,3,1,3
141610,141360,3,3,3,3
141672,141422,3,3,3,3
141734,141484,3,3,3,3
141796,141546,3,3,3,3
141858,141608,3,3,3,2
141920,141670,3,3,3,2
141982,141732,3,3,3,2
142044,141794,3,1,1,2
142106,141856,3,3,1,2
142168,141918,3,3,1,2
142230,141980,3,1,1,2
142292,142042,3,1,1,2
142354,142104,3,1,1,2
142416,142166,3,1,1,2
142478,142228,3,3,1,2
142540,142290,3,3,3,2
142602,142352,3,3,3,2
142664,142414,3,1,1,3
142726,142476,3,1,1,3
142788,142538,3,1,1,3
142850,142600,3,1,1,3
142912,142662,3,3,1,3
142974,142724,3,3,3,3
143036,142786,3,3,3,3
143098,142848,3,3,3,3
143160,142910,3,3,3,3
143222,142972,3,3,3,3
143284,143034,3,3,3,3
143346,143096,3,1,1,3
143408,143158,3,1,1,1
144090,143840,1,1,1,1
144152,143902,1,1,1,1
144214,143964,1,1,1,1
144276,144026,1,1,1,1
144338,144088,1,1,1,1
144400,144150,1,1,1,1
144462,144212,1,1,1,2
144524,144274,1,1,3,2
144586,144336,1,3,3,2
144648,144398,1,3,3,2
144710,144460,1,3,3,2
144772,144522,1,3,3,2
144834,144584,1,2,1,2
144896,144646,1,1,1,2
144958,144708,1,1,1,2
145020,144770,1,1,1,2
145082,144832,1,1,1,1
145144,144894,1,1,1,1
145206,144956,1,1,1,1
145268,145018,1,1,1,1
145330,145080,1,1,1,1
145392,145142,1,1,1,1
145454,145204,1,1,1,1
145516,145266,1,1,1,1
145578,145328,1,1,1,2
145640,145390,1,1,1,2
145702,145452,1,1,1,2
145764,145514,1,1,1,3
145826,145576,1,1,1,3
145888,145638,1,1,1,3
145950,145700,1,1,1,3
146012,145762,1,1,1,3
146694,146444,3,1,1,3
146756,146506,3,1,1,3
146818,146568,3,1,1,1
146880,146630,3,1,1,1
146942,146692,3,1,1,1
147004,146754,3,1,1,1
147066,146816,3,1,1,1
147128,146878,3,1,1,1
147190,146940,3,1,1,3
147252,147002,3,1,1,3
147314,147064,3,1,1,3
147376,147126,3,1,1,3
147438,147188,3,1,1,3
147500,147250,3,2,2,3
147562,147312,3,2,2,3
147624,147374,3,2,2,3
147686,147436,3,2,2,3
147748,147498,3,2,2,3
147810,147560,3,2,2,3
147872,147622,3,1,1,2
147934,147684,3,1,1,2
147996,147746,3,1,1,2
148058,147808,3,1,1,3
148120,147870,3,1,1,3
148182,147932,3,1,1,3
148244,147994,3,1,1,3
148306,148056,3,1,1,3
148368,148118,3,1,1,3
148430,148180,3,1,1,3
148492,148242,3,1,1,1
148554,148304,3,1,1,1
148616,148366,3,1,1,1
148678,148428,3,1,1,3
