session,subject,has_nirs,hyb_min_f1,hyb_recall,hyb_f1_1,hyb_f1_2,hyb_f1_3,hyb_minf1_b2,hyb_recall_b2,hyb_minf1_b3,hyb_recall_b3,hyb_minf1_b4,hyb_recall_b4,hyb_minf1_b5,hyb_recall_b5,hyb_minf1_b6,hyb_recall_b6,hyb_minf1_b7,hyb_recall_b7,hyb_minf1_t1.0,hyb_recall_t1.0,hyb_acc_t1.0,hyb_minf1_t2.5,hyb_recall_t2.5,hyb_acc_t2.5,hyb_minf1_t5.0,hyb_recall_t5.0,hyb_acc_t5.0,eeg_min_f1,eeg_recall,eeg_f1_1,eeg_f1_2,eeg_f1_3,eeg_minf1_b2,eeg_recall_b2,eeg_minf1_b3,eeg_recall_b3,eeg_minf1_b4,eeg_recall_b4,eeg_minf1_b5,eeg_recall_b5,eeg_minf1_b6,eeg_recall_b6,eeg_minf1_b7,eeg_recall_b7,eeg_minf1_t1.0,eeg_recall_t1.0,eeg_acc_t1.0,eeg_minf1_t2.5,eeg_recall_t2.5,eeg_acc_t2.5,eeg_minf1_t5.0,eeg_recall_t5.0,eeg_acc_t5.0,nirs_min_f1,nirs_recall,nirs_f1_1,nirs_f1_2,nirs_f1_3
2025.12.01.16.04.01_N01,N01,True,0.3666,0.5166,0.6111,0.4968,0.3666,0.0000,0.3333,0.2879,0.4200,0.0000,0.3523,0.3681,0.6077,0.6018,0.6698,0.6154,0.7196,0.3841,0.5015,0.4467,0.4434,0.5170,0.5072,0.3032,0.5221,0.5490,0.3824,0.4713,0.5305,0.4281,0.3824,0.0000,0.3333,0.0168,0.3180,0.0588,0.2771,0.3483,0.5482,0.5203,0.6755,0.6075,0.6784,0.3704,0.4343,0.3952,0.4489,0.4963,0.4700,0.3448,0.4697,0.4716,0.2304,0.5091,0.6779,0.5662,0.2304
2025.12.04.13.29.33_N01,N01,True,0.7459,0.8158,0.9213,0.7903,0.7459,0.5981,0.7331,0.3276,0.5677,0.7000,0.8380,0.9403,0.9585,0.9524,0.9697,0.6772,0.8280,0.7143,0.7685,0.7847,0.7054,0.8014,0.8292,0.7521,0.8423,0.8800,0.7662,0.8280,0.9332,0.7662,0.7822,0.6202,0.6994,0.3548,0.5443,0.7805,0.8765,0.9153,0.9479,0.9449,0.9640,0.8725,0.9328,0.8054,0.8542,0.8681,0.7592,0.8374,0.8580,0.7352,0.8123,0.8452,0.4747,0.5875,0.7755,0.4747,0.5182
2025.12.08.14.19.05_N02,N02,True,0.4463,0.5939,0.8275,0.4463,0.5104,0.0714,0.4426,0.5781,0.7028,0.4818,0.5942,0.4211,0.5938,0.5045,0.7113,0.3433,0.5225,0.3566,0.5000,0.5451,0.4683,0.6156,0.6861,0.4643,0.6152,0.6851,0.4096,0.5564,0.7824,0.4096,0.4774,0.0659,0.3725,0.5806,0.6950,0.5280,0.6022,0.4000,0.5443,0.4248,0.6570,0.2937,0.4711,0.2185,0.4491,0.5000,0.3383,0.5589,0.6237,0.4688,0.5944,0.6542,0.4713,0.6166,0.8180,0.4713,0.5547
2025.12.09.12.52.43_N01,N01,True,0.6875,0.7630,0.8631,0.6875,0.7183,0.5660,0.6874,0.8060,0.8698,0.5000,0.6458,0.7826,0.8821,0.5890,0.6910,0.7705,0.8021,0.4795,0.5371,0.5241,0.6434,0.7478,0.7593,0.7882,0.8567,0.8879,0.6104,0.7226,0.8296,0.6104,0.6810,0.2069,0.3321,0.7552,0.8212,0.7532,0.8255,0.5000,0.7381,0.6782,0.7534,0.7895,0.8698,0.4503,0.5883,0.5448,0.5802,0.6968,0.6826,0.6993,0.7892,0.8247,0.5067,0.6034,0.7860,0.5067,0.5427
2025.12.11.12.13.46_N03,N03,True,0.5087,0.6606,0.8215,0.6422,0.5087,0.0000,0.5480,0.2703,0.6724,0.3678,0.6521,0.4272,0.6431,0.6727,0.7289,0.6299,0.7129,0.0561,0.3153,0.3780,0.5851,0.7021,0.7479,0.6108,0.7643,0.8062,0.5377,0.6773,0.8182,0.6534,0.5377,0.0000,0.5194,0.3171,0.6545,0.6055,0.7480,0.4314,0.6533,0.6604,0.7473,0.6929,0.7363,0.1301,0.3498,0.3883,0.6226,0.7184,0.7459,0.6316,0.7746,0.8062,0.2657,0.4716,0.7317,0.4041,0.2657
2025.12.11.15.27.59_N02,N02,True,0.4564,0.6484,0.8712,0.4564,0.6019,0.1505,0.4838,0.2276,0.4652,0.7133,0.8479,0.3415,0.7165,0.6869,0.7795,0.3093,0.5985,0.4628,0.6184,0.6804,0.4490,0.6624,0.7178,0.4586,0.6511,0.7198,0.4613,0.6191,0.8376,0.4613,0.5429,0.1111,0.4038,0.2222,0.5699,0.8696,0.9071,0.2955,0.6777,0.3908,0.6382,0.3048,0.5185,0.4655,0.6618,0.7182,0.4638,0.6222,0.6912,0.4583,0.6008,0.6407,0.3850,0.5223,0.6817,0.3850,0.4773
2025.12.11.15.43.58_N02,N02,True,0.4511,0.6416,0.8445,0.4511,0.5926,0.4403,0.5163,0.4790,0.5977,0.6724,0.8359,0.0588,0.6463,0.2680,0.5908,0.5556,0.6589,0.3876,0.5549,0.5793,0.4655,0.6543,0.6860,0.4640,0.6660,0.7027,0.3736,0.5495,0.7453,0.3736,0.5016,0.3097,0.4364,0.1786,0.4162,0.5085,0.7098,0.4000,0.6910,0.1319,0.4774,0.3962,0.5625,0.4183,0.5183,0.5241,0.3672,0.5413,0.5661,0.3598,0.5664,0.6036,0.4988,0.6097,0.8087,0.4988,0.5096
2025.12.15.12.52.57_N03,N03,True,0.3827,0.5106,0.6816,0.4483,0.3827,0.1609,0.4836,0.3905,0.4625,0.0000,0.3000,0.3665,0.4914,0.4318,0.5573,0.7134,0.7680,0.2695,0.4086,0.4192,0.3246,0.4858,0.5187,0.4611,0.5643,0.5987,0.3760,0.4968,0.5928,0.4699,0.3760,0.1474,0.4732,0.3497,0.4057,0.0000,0.2769,0.3918,0.4985,0.4783,0.6484,0.6173,0.6772,0.2959,0.3677,0.3471,0.3858,0.5037,0.5021,0.4029,0.5411,0.5471,0.2316,0.4219,0.6789,0.3531,0.2316
2025.12.15.13.16.37_N03,N03,True,0.2642,0.4681,0.6920,0.4225,0.2642,0.1481,0.3487,0.0000,0.4026,0.1591,0.3728,0.6154,0.7119,0.0000,0.5349,0.2604,0.4373,0.1148,0.3152,0.3655,0.2642,0.4645,0.5227,0.3155,0.5277,0.5663,0.1915,0.3844,0.5570,0.3696,0.1915,0.0270,0.2400,0.0000,0.3179,0.0000,0.2099,0.5111,0.6114,0.1159,0.4919,0.1176,0.4337,0.1151,0.3220,0.3690,0.1860,0.4044,0.4298,0.2228,0.3956,0.4106,0.4297,0.5850,0.8245,0.4970,0.4297
2025.12.18.12.09.22_N03,N03,False,0.6417,0.7899,0.9376,0.7600,0.6417,0.4598,0.7142,0.5043,0.7023,0.6080,0.7714,0.7255,0.8542,0.8702,0.9147,0.6182,0.7819,0.5153,0.6435,0.6771,0.7707,0.8589,0.8850,0.6221,0.8006,0.8338,0.6417,0.7899,0.9376,0.7600,0.6417,0.4598,0.7142,0.5043,0.7023,0.6080,0.7714,0.7255,0.8542,0.8702,0.9147,0.6182,0.7819,0.5153,0.6435,0.6771,0.7707,0.8589,0.8850,0.6221,0.8006,0.8338,,,,,
2025.12.18.15.02.14_N02,N02,False,0.3195,0.5390,0.8231,0.4544,0.3195,0.1266,0.4153,0.0000,0.6253,0.0000,0.4538,0.4500,0.6308,0.1124,0.5933,0.3735,0.5136,0.2182,0.4755,0.5377,0.1641,0.4953,0.5620,0.4313,0.5900,0.6516,0.3195,0.5390,0.8231,0.4544,0.3195,0.1266,0.4153,0.0000,0.6253,0.0000,0.4538,0.4500,0.6308,0.1124,0.5933,0.3735,0.5136,0.2182,0.4755,0.5377,0.1641,0.4953,0.5620,0.4313,0.5900,0.6516,,,,,
2026.01.14.13.55.34_N06,N06,True,0.3516,0.6270,0.8715,0.3516,0.6150,0.4459,0.6594,0.6154,0.7414,0.1261,0.4917,0.0000,0.6359,0.0000,0.5769,0.0000,0.6563,0.1920,0.5088,0.5966,0.3348,0.6069,0.6639,0.4330,0.6839,0.7435,0.4585,0.6250,0.8536,0.4585,0.5524,0.4587,0.6075,0.3269,0.5723,0.2245,0.6349,0.0000,0.6667,0.0769,0.6153,0.0000,0.6512,0.3810,0.5822,0.6483,0.4590,0.5859,0.6373,0.4878,0.6658,0.7215,0.3897,0.6014,0.7783,0.3897,0.6141
2026.01.15.14.53.23_N06,N06,True,0.3207,0.5492,0.8141,0.3207,0.4867,0.1440,0.4668,0.3937,0.5681,0.2800,0.5640,0.3276,0.5587,0.3462,0.6271,0.0000,0.5090,0.1062,0.4477,0.4879,0.3350,0.5653,0.6250,0.3818,0.5769,0.6526,0.2853,0.4919,0.7485,0.2853,0.4287,0.1757,0.4385,0.2581,0.4261,0.4274,0.5329,0.4035,0.5406,0.2240,0.4857,0.0000,0.5271,0.0168,0.3877,0.4221,0.2762,0.5222,0.5938,0.3715,0.5120,0.5705,0.3616,0.5707,0.8490,0.3616,0.4886
2026.01.15.15.05.38_N06,N06,True,0.3870,0.5207,0.7341,0.4350,0.3870,0.1794,0.2675,0.6095,0.7769,0.0000,0.2277,0.6667,0.7917,0.3484,0.5274,0.2340,0.5354,0.3404,0.4824,0.5172,0.4274,0.5268,0.5634,0.3780,0.5312,0.5861,0.4107,0.5418,0.7556,0.4508,0.4107,0.2273,0.3161,0.6735,0.7283,0.0000,0.2614,0.6667,0.8073,0.3926,0.5686,0.2887,0.5713,0.3893,0.5719,0.6034,0.4190,0.5448,0.5925,0.4087,0.5285,0.5656,0.3609,0.4695,0.6723,0.3762,0.3609
2026.01.16.13.40.51_N06,N06,True,0.5501,0.6643,0.8274,0.6139,0.5501,0.0896,0.4681,0.0000,0.5138,0.2927,0.6268,0.6071,0.7108,0.8000,0.8637,0.6061,0.8000,0.3784,0.5681,0.6323,0.5877,0.7038,0.7531,0.5798,0.6759,0.7071,0.5363,0.6446,0.8403,0.5557,0.5363,0.0000,0.5426,0.0000,0.4124,0.2800,0.5512,0.7273,0.8184,0.4719,0.7353,0.6286,0.8025,0.5806,0.6708,0.7010,0.5583,0.6942,0.7427,0.4946,0.6038,0.6581,0.4464,0.5886,0.7850,0.4464,0.5262
2026.01.20.13.28.05_N08,N08,True,0.5007,0.6202,0.8280,0.5007,0.5193,0.5986,0.6501,0.0000,0.5211,0.2810,0.4903,0.4444,0.6467,0.5278,0.6949,0.5827,0.7175,0.3714,0.5449,0.5606,0.4542,0.5925,0.6577,0.5533,0.6654,0.6985,0.4461,0.5427,0.6823,0.4461,0.4706,0.3605,0.4470,0.1429,0.5030,0.3130,0.4977,0.6220,0.7032,0.3372,0.5113,0.4091,0.5943,0.3151,0.5221,0.5052,0.4580,0.5456,0.5608,0.4225,0.5487,0.5747,0.4714,0.6176,0.8301,0.4714,0.5367
2026.01.21.13.29.25_N09,N09,True,0.3944,0.6192,0.8854,0.3944,0.5565,0.1395,0.4897,0.2037,0.4679,0.4000,0.5736,0.4870,0.7123,0.7642,0.8478,0.2474,0.6256,0.3871,0.5590,0.6345,0.4255,0.6322,0.7031,0.3795,0.6334,0.7071,0.4601,0.6186,0.8405,0.4601,0.5574,0.4426,0.5519,0.0784,0.4156,0.4828,0.5949,0.4262,0.6633,0.7656,0.8555,0.3269,0.6308,0.3759,0.5383,0.5966,0.5000,0.6397,0.7052,0.4672,0.6355,0.6968,0.2592,0.4815,0.8096,0.2592,0.3626
2026.01.21.15.25.36_N10,N10,True,0.2161,0.4331,0.6938,0.3784,0.2161,0.0000,0.2526,0.0000,0.3403,0.5270,0.5835,0.2857,0.4981,0.0000,0.5406,0.1029,0.3826,0.1471,0.3322,0.3702,0.1589,0.3827,0.4620,0.2730,0.5026,0.5619,0.2680,0.4214,0.6221,0.3676,0.2680,0.0000,0.2448,0.0000,0.3453,0.5166,0.5704,0.2941,0.4563,0.0000,0.4993,0.2767,0.4120,0.1259,0.3348,0.3460,0.2407,0.3890,0.4394,0.3342,0.4742,0.5155,0.2513,0.4013,0.6742,0.2762,0.2513
2026.01.22.14.36.16_N09,N09,True,0.4045,0.5461,0.8090,0.4045,0.4248,0.2121,0.3186,0.0000,0.4743,0.0000,0.5194,0.6170,0.7534,0.4478,0.6072,0.0000,0.6100,0.2923,0.4310,0.4810,0.4034,0.5533,0.6149,0.4338,0.5844,0.6247,0.4177,0.5659,0.8161,0.4177,0.4604,0.2842,0.3725,0.0571,0.5261,0.0000,0.5168,0.5532,0.7276,0.4672,0.6176,0.0000,0.6408,0.2946,0.4356,0.4844,0.4315,0.5808,0.6335,0.4374,0.6049,0.6362,0.1768,0.3007,0.4549,0.1768,0.2705
2026.01.22.14.47.19_N09,N09,True,0.3864,0.6481,0.9025,0.3864,0.6046,0.4444,0.6039,0.0000,0.5807,0.0513,0.6145,0.3871,0.6045,0.5361,0.7555,0.6143,0.7307,0.5263,0.7083,0.7535,0.4352,0.6859,0.7516,0.2897,0.6024,0.6624,0.3729,0.6343,0.8863,0.3729,0.5846,0.4220,0.5601,0.0000,0.5807,0.0789,0.6327,0.2087,0.5087,0.6263,0.7633,0.6471,0.7615,0.5735,0.7153,0.7604,0.4130,0.6748,0.7329,0.2517,0.5793,0.6316,0.2555,0.3874,0.4972,0.2555,0.3995
2026.01.26.14.45.18_N09,N09,True,0.2963,0.5610,0.8722,0.4939,0.2963,0.2353,0.4509,0.2097,0.4104,0.0769,0.5625,0.6018,0.6849,0.1633,0.5900,0.4200,0.6691,0.1857,0.4357,0.5121,0.3983,0.5822,0.6577,0.2676,0.5946,0.6873,0.2516,0.5513,0.8507,0.5044,0.2516,0.0682,0.4251,0.1029,0.3609,0.0282,0.5677,0.5391,0.6510,0.0606,0.5460,0.5946,0.7562,0.1301,0.4400,0.5190,0.2621,0.5514,0.6245,0.2955,0.5927,0.6705,0.2261,0.4393,0.6937,0.2261,0.3781
2026.01.26.16.37.52_N08,N08,True,0.4360,0.5937,0.8533,0.4924,0.4360,0.4848,0.5599,0.0000,0.6097,0.1679,0.4323,0.6337,0.8102,0.4222,0.6331,0.1400,0.5152,0.2521,0.4663,0.5552,0.4779,0.6105,0.6893,0.4543,0.6310,0.7069,0.3941,0.5477,0.8297,0.4167,0.3941,0.4490,0.5053,0.0000,0.5659,0.0504,0.4115,0.5053,0.7487,0.1333,0.5486,0.0988,0.5055,0.2812,0.4801,0.5586,0.4219,0.5694,0.6543,0.4109,0.5593,0.6394,0.4126,0.5773,0.7800,0.5264,0.4126
2026.01.26.16.49.30_N08,N08,True,0.5219,0.6450,0.8481,0.5435,0.5219,0.0000,0.3907,0.4400,0.7456,0.6214,0.7175,0.5802,0.7083,0.0000,0.6359,0.5217,0.6769,0.5844,0.6764,0.6770,0.5487,0.6705,0.6936,0.4697,0.6173,0.6611,0.5106,0.6282,0.7534,0.5669,0.5106,0.0000,0.3671,0.6667,0.8121,0.1449,0.5971,0.6036,0.7370,0.1176,0.5048,0.5957,0.7550,0.5714,0.6880,0.6942,0.5585,0.6994,0.7101,0.4532,0.5610,0.5563,0.3189,0.4745,0.7459,0.3619,0.3189
2026.01.28.13.14.05_N11,N11,True,0.5514,0.6492,0.8104,0.5514,0.5722,0.0000,0.3643,0.3333,0.6201,0.4638,0.6205,0.5766,0.7058,0.8722,0.9255,0.5053,0.6608,0.4242,0.5107,0.5458,0.5806,0.6838,0.7087,0.5738,0.6805,0.7108,0.6204,0.7092,0.7954,0.6204,0.6716,0.0000,0.4109,0.6337,0.6967,0.5862,0.6854,0.8276,0.8729,0.8442,0.8998,0.5766,0.6877,0.5783,0.6673,0.6814,0.6446,0.7107,0.7066,0.6185,0.7247,0.7224,0.3562,0.5402,0.7801,0.4702,0.3562
2026.02.02.13.15.04_N11,N11,True,0.5835,0.7063,0.8733,0.6366,0.5835,0.4681,0.5615,0.8250,0.8780,0.1101,0.3844,0.5455,0.7357,0.7742,0.8433,0.6804,0.8385,0.4854,0.6488,0.6747,0.5657,0.7195,0.7536,0.6235,0.7195,0.7535,0.4843,0.6547,0.8239,0.6104,0.4843,0.1644,0.4845,0.5986,0.6894,0.4494,0.6945,0.3218,0.6960,0.3684,0.6535,0.4356,0.7135,0.3680,0.5961,0.6298,0.5274,0.7086,0.7433,0.5015,0.6427,0.6632,0.4857,0.6016,0.7414,0.5686,0.4857
2026.02.02.13.27.56_N11,N11,True,0.5480,0.6648,0.8925,0.5480,0.5755,0.1143,0.6194,0.0000,0.4332,0.5714,0.7970,0.8769,0.9383,0.1591,0.5469,0.5812,0.6535,0.3942,0.5702,0.6529,0.4315,0.6200,0.7025,0.5905,0.7278,0.7951,0.5317,0.6964,0.8988,0.6477,0.5317,0.6055,0.7209,0.0308,0.5384,0.5275,0.7763,0.8971,0.9279,0.1333,0.5469,0.5778,0.6636,0.4459,0.5982,0.6667,0.5967,0.7017,0.7562,0.4851,0.7295,0.7925,0.3821,0.5493,0.8081,0.3821,0.4477
2026.02.09.13.04.04_N10,N10,True,0.1393,0.4252,0.6896,0.4021,0.1393,0.0000,0.3103,0.0494,0.5130,0.0000,0.3869,0.2895,0.4769,0.1573,0.3596,0.1124,0.5076,0.1017,0.3333,0.4201,0.0725,0.3979,0.4855,0.1986,0.4762,0.5591,0.1056,0.4045,0.6335,0.4228,0.1056,0.0000,0.3188,0.1081,0.4323,0.0000,0.5022,0.2895,0.4538,0.0381,0.2070,0.0471,0.5151,0.1527,0.3380,0.4097,0.0521,0.3881,0.4627,0.1201,0.4392,0.5051,0.2585,0.4200,0.6153,0.2585,0.3914
2026.02.09.13.17.04_N10,N10,True,0.3080,0.4704,0.6795,0.3080,0.4040,0.0000,0.1863,0.0000,0.4372,0.3604,0.5768,0.2500,0.5148,0.5755,0.6385,0.1099,0.4694,0.1224,0.3935,0.4514,0.2500,0.4444,0.5125,0.4057,0.5147,0.5800,0.3156,0.4635,0.6324,0.3156,0.4184,0.0122,0.1312,0.0000,0.4240,0.1296,0.4113,0.3299,0.5428,0.6452,0.6567,0.3590,0.6134,0.2157,0.4005,0.4410,0.2807,0.4903,0.5437,0.3794,0.4702,0.5198,0.4058,0.5435,0.7702,0.4058,0.4496
2026.02.12.12.14.18_N11,N11,True,0.4958,0.7285,0.9791,0.6738,0.4958,0.5825,0.7788,0.5714,0.7692,0.9344,0.9512,0.4717,0.6635,0.0000,0.5990,0.1739,0.6087,0.3281,0.5727,0.6804,0.5083,0.7565,0.8169,0.5643,0.7693,0.8251,0.4607,0.6959,0.9266,0.6341,0.4607,0.1714,0.4877,0.5870,0.7641,0.8201,0.8712,0.4000,0.7143,0.2000,0.6537,0.3960,0.6833,0.2991,0.6172,0.7045,0.3590,0.6868,0.7387,0.5775,0.7314,0.7617,0.2833,0.4596,0.7437,0.3452,0.2833
2026.02.12.14.14.43_N13,N13,True,0.5675,0.6638,0.7876,0.5675,0.6134,0.0000,0.4186,0.4048,0.5879,0.0556,0.4814,0.5688,0.7460,0.7651,0.8352,0.8976,0.9143,0.3186,0.4838,0.5086,0.5149,0.6414,0.6694,0.6825,0.7460,0.7665,0.5626,0.6336,0.7484,0.5659,0.5626,0.1304,0.3874,0.4884,0.5853,0.0811,0.5197,0.5833,0.7105,0.6587,0.7502,0.7934,0.8493,0.4333,0.5132,0.5189,0.5472,0.6371,0.6467,0.5794,0.6768,0.7017,0.4529,0.5962,0.7533,0.4529,0.5658
2026.02.16.13.43.38_N10,N10,True,0.4576,0.5606,0.7357,0.4576,0.4812,0.2051,0.4618,0.4122,0.5485,0.1129,0.3736,0.2222,0.5870,0.5812,0.6745,0.6154,0.7173,0.3710,0.5068,0.5479,0.4100,0.5553,0.6016,0.4737,0.5841,0.6192,0.3989,0.5240,0.6727,0.3989,0.4754,0.2521,0.4544,0.3651,0.5228,0.2353,0.4078,0.1750,0.5587,0.5091,0.5894,0.3191,0.6123,0.2500,0.4178,0.4486,0.3417,0.5209,0.5606,0.4900,0.5662,0.5790,0.2683,0.4325,0.6775,0.3460,0.2683
2026.02.18.13.10.04_N13,N13,True,0.7596,0.7959,0.8627,0.7596,0.7605,0.3250,0.5596,0.7586,0.8484,0.7692,0.8200,0.7327,0.8129,0.6919,0.7967,0.8828,0.9383,0.5350,0.6527,0.6314,0.7336,0.7956,0.8206,0.7724,0.8506,0.8731,0.7568,0.8092,0.8716,0.7643,0.7568,0.5287,0.7127,0.8000,0.8533,0.7485,0.8275,0.6237,0.7609,0.7033,0.7917,0.8591,0.9075,0.5749,0.6774,0.6451,0.7673,0.8188,0.8124,0.7806,0.8532,0.8769,0.4330,0.5648,0.7250,0.4330,0.5537
2026.02.18.13.23.07_N13,N13,True,0.7720,0.8599,0.8746,0.7720,0.8672,0.5070,0.6638,0.6066,0.7181,0.9313,0.9585,1.0000,1.0000,0.8310,0.9076,0.8690,0.9126,0.6105,0.7151,0.6897,0.7751,0.8721,0.8557,0.8429,0.9066,0.8923,0.7372,0.8176,0.8598,0.7372,0.7935,0.3000,0.4242,0.5845,0.6923,0.9275,0.9742,0.9760,0.9844,0.8800,0.9430,0.8333,0.8869,0.5982,0.6942,0.6517,0.6817,0.7841,0.7732,0.8474,0.8850,0.8833,0.4954,0.5950,0.5553,0.4954,0.6461
2026.02.18.14.51.46_N08,N08,True,0.3574,0.5323,0.7899,0.4392,0.3574,0.0000,0.3866,0.3929,0.5484,0.3918,0.6032,0.1031,0.4174,0.0000,0.5531,0.5421,0.6875,0.3404,0.4769,0.5556,0.3918,0.5612,0.6245,0.3391,0.5348,0.6033,0.3797,0.5177,0.6735,0.4782,0.3797,0.0000,0.3245,0.5082,0.5889,0.5255,0.6394,0.2430,0.4222,0.0000,0.5252,0.5303,0.6068,0.3311,0.4722,0.5347,0.4465,0.6027,0.6349,0.3467,0.4820,0.4955,0.2329,0.4229,0.7458,0.2329,0.2875
2026.02.19.13.23.35_N13,N13,True,0.9378,0.9565,0.9495,0.9378,0.9570,0.8451,0.9094,0.9197,0.9613,0.8971,0.9433,0.9206,0.9482,0.9559,0.9844,0.9774,0.9922,0.7531,0.8300,0.8138,0.9600,0.9779,0.9668,0.9848,0.9905,0.9871,0.8406,0.8897,0.9379,0.8406,0.8536,0.5370,0.6939,0.7927,0.8545,0.8387,0.8970,0.8496,0.9024,1.0000,1.0000,0.9701,0.9897,0.7358,0.8202,0.7931,0.8316,0.8946,0.8942,0.8540,0.9127,0.9228,0.8146,0.8311,0.8537,0.8146,0.8338
2026.02.20.17.10.45_N14,N14,True,0.4348,0.5606,0.7834,0.4348,0.4654,0.0000,0.3517,0.0294,0.2693,0.6533,0.7604,0.4444,0.5972,0.5147,0.6406,0.6835,0.7457,0.1818,0.3240,0.3897,0.3982,0.5491,0.6141,0.5293,0.6563,0.7084,0.3715,0.4567,0.5838,0.3715,0.3897,0.0000,0.1920,0.0000,0.1584,0.5441,0.6354,0.4103,0.5736,0.2989,0.4349,0.6630,0.7454,0.1958,0.2806,0.3069,0.3557,0.4449,0.4585,0.4388,0.5298,0.5355,0.5015,0.6673,0.8497,0.5015,0.6412
2026.02.20.17.25.24_N14,N14,True,0.2801,0.4854,0.7462,0.4253,0.2801,0.0000,0.3116,0.0000,0.1754,0.5470,0.6907,0.0741,0.5305,0.2542,0.4833,0.5357,0.7200,0.1440,0.4161,0.4881,0.2731,0.4801,0.5424,0.3282,0.5155,0.5699,0.2635,0.4320,0.6608,0.3700,0.2635,0.0828,0.2574,0.1081,0.2188,0.3235,0.5359,0.0241,0.4685,0.2202,0.4442,0.4483,0.6657,0.1630,0.4089,0.4744,0.3032,0.4472,0.4783,0.2695,0.4318,0.4598,0.2361,0.3834,0.6125,0.2989,0.2361
2026.02.24.16.07.40_N15,N15,True,0.4217,0.5568,0.7175,0.5333,0.4217,0.0000,0.5657,0.4524,0.5097,0.0597,0.4554,0.5521,0.6403,0.4545,0.6173,0.4176,0.5511,0.2803,0.3849,0.4296,0.4086,0.5458,0.6004,0.4562,0.6279,0.6812,0.3639,0.4787,0.6270,0.4442,0.3639,0.0000,0.3888,0.1690,0.3335,0.4884,0.5730,0.4656,0.5422,0.3247,0.5006,0.2391,0.5329,0.3167,0.4694,0.5017,0.2653,0.4176,0.4658,0.4430,0.5200,0.5681,0.3915,0.5507,0.7138,0.5335,0.3915
2026.02.27.13.11.59_N15,N15,True,0.3934,0.5049,0.6858,0.3934,0.4176,0.3958,0.5262,0.2479,0.3885,0.3269,0.5199,0.3148,0.5060,0.4444,0.6507,0.1942,0.4375,0.1750,0.3385,0.3483,0.3448,0.4541,0.4845,0.4955,0.5992,0.6252,0.4011,0.4699,0.5254,0.4167,0.4011,0.2683,0.4443,0.3977,0.5079,0.0000,0.3425,0.1798,0.5417,0.4490,0.5945,0.0000,0.3932,0.3190,0.3952,0.3621,0.3761,0.4884,0.4701,0.4048,0.4859,0.4760,0.5116,0.6122,0.7798,0.5116,0.5304
2026.02.27.13.24.42_N15,N15,True,0.5152,0.5815,0.6929,0.5243,0.5152,0.2923,0.4913,0.3366,0.4292,0.4706,0.6035,0.0862,0.4004,0.7383,0.8377,0.6607,0.7293,0.3134,0.4046,0.4232,0.5232,0.5993,0.6315,0.5707,0.6369,0.6538,0.4393,0.5120,0.6232,0.4393,0.4492,0.0741,0.4120,0.1789,0.2350,0.1159,0.4045,0.2626,0.5795,0.6316,0.7705,0.5607,0.6755,0.3614,0.4511,0.4642,0.4889,0.5677,0.5963,0.4276,0.5004,0.5045,0.5202,0.6398,0.7979,0.6011,0.5202
2026.03.04.12.51.22_N15,N15,True,0.3300,0.4579,0.6611,0.3725,0.3300,0.3030,0.4848,0.0857,0.2982,0.0600,0.3427,0.2500,0.4790,0.4490,0.6354,0.1915,0.5048,0.2599,0.3947,0.4521,0.2388,0.4459,0.5021,0.3967,0.4893,0.5077,0.4137,0.4847,0.5627,0.4137,0.4394,0.4260,0.5070,0.0000,0.4171,0.2712,0.3712,0.3143,0.4710,0.3373,0.5456,0.5217,0.5944,0.2637,0.4439,0.4521,0.4418,0.5267,0.5372,0.4064,0.4744,0.4601,0.3173,0.4533,0.6697,0.3173,0.3717
2026.03.10.17.02.53_N16,N16,True,0.3504,0.5183,0.7410,0.4608,0.3504,0.0357,0.3604,0.2667,0.4711,0.2078,0.5647,0.2857,0.5354,0.1609,0.3919,0.6903,0.7840,0.2656,0.4514,0.5312,0.3750,0.5168,0.5741,0.3657,0.5439,0.6046,0.3690,0.4987,0.7171,0.4107,0.3690,0.0816,0.4379,0.4684,0.5818,0.0000,0.4308,0.2430,0.5326,0.1000,0.3277,0.6341,0.6785,0.3030,0.4537,0.5278,0.4163,0.5331,0.5802,0.3641,0.4937,0.5597,0.3779,0.5145,0.7462,0.4154,0.3779
2026.03.11.19.32.02_N16,N16,True,0.4572,0.5441,0.7196,0.4572,0.4721,0.1111,0.3619,0.4808,0.5529,0.0811,0.4479,0.4578,0.6498,0.7586,0.7802,0.1774,0.4736,0.3019,0.3945,0.4360,0.4476,0.5315,0.6025,0.5195,0.6081,0.6628,0.3226,0.4586,0.6096,0.4361,0.3226,0.0000,0.3761,0.3800,0.5829,0.2703,0.3516,0.5333,0.5730,0.3000,0.5056,0.0000,0.3655,0.2917,0.4200,0.4602,0.3293,0.4715,0.5176,0.3298,0.4653,0.4871,0.3589,0.5020,0.6843,0.3589,0.4756
2026.03.11.19.45.53_N16,N16,True,0.2905,0.4250,0.6831,0.2905,0.2941,0.0000,0.2920,0.0200,0.2437,0.2353,0.4714,0.0471,0.4223,0.3506,0.4882,0.4894,0.6315,0.0630,0.2762,0.3483,0.2294,0.3732,0.4483,0.3370,0.5129,0.5928,0.2665,0.4061,0.6368,0.3134,0.2665,0.0000,0.2659,0.1124,0.4004,0.0000,0.3147,0.2261,0.3642,0.4183,0.5168,0.4353,0.5752,0.1571,0.2759,0.3345,0.2534,0.4075,0.4731,0.3123,0.4537,0.5180,0.3462,0.4412,0.6027,0.3631,0.3462
2026.03.12.12.31.02_N16,N16,True,0.2809,0.4732,0.8291,0.2809,0.2967,0.0000,0.2987,0.2390,0.3923,0.3670,0.5817,0.1071,0.4022,0.3301,0.6128,0.3415,0.5510,0.1071,0.3866,0.5000,0.2609,0.4854,0.5806,0.3007,0.4975,0.5887,0.2659,0.4279,0.7351,0.2659,0.2816,0.1832,0.3065,0.1237,0.3198,0.3922,0.5739,0.1197,0.3350,0.2056,0.5153,0.3148,0.5172,0.1399,0.3495,0.4410,0.1909,0.3641,0.4442,0.3370,0.4965,0.5630,0.3276,0.5272,0.7682,0.3276,0.4794
2026.03.20.14.54.22_N14,N14,True,0.3930,0.5282,0.7757,0.3930,0.4156,0.0000,0.3941,0.3664,0.5869,0.0367,0.4297,0.5156,0.6781,0.3871,0.5590,0.2742,0.5188,0.3140,0.4317,0.4521,0.3891,0.5300,0.5942,0.4234,0.5637,0.6200,0.4675,0.5530,0.6760,0.4675,0.4837,0.1789,0.4286,0.5241,0.6408,0.0808,0.4922,0.4873,0.6360,0.3973,0.5149,0.3833,0.6038,0.3846,0.4472,0.4486,0.4507,0.5449,0.5611,0.5125,0.5981,0.6083,0.1997,0.4094,0.7669,0.1997,0.2569
2026.03.20.15.16.33_N14,N14,True,0.3519,0.5219,0.7271,0.3519,0.4869,0.0000,0.3298,0.4885,0.6308,0.4286,0.6677,0.0000,0.4531,0.0563,0.4002,0.5263,0.6497,0.2482,0.3909,0.4586,0.3883,0.5297,0.5897,0.3717,0.5658,0.6302,0.3666,0.5115,0.7128,0.3666,0.4607,0.0000,0.3679,0.4706,0.6128,0.4490,0.6163,0.0000,0.4479,0.1408,0.4619,0.4048,0.5612,0.3279,0.4411,0.4897,0.4174,0.5308,0.5876,0.3200,0.5254,0.5915,0.3467,0.4956,0.7005,0.3467,0.4441
2026.03.23.14.24.35_N17,N17,True,0.4872,0.6390,0.7767,0.6952,0.4872,0.0000,0.3680,0.2192,0.6410,0.2933,0.4599,0.5333,0.7638,0.6630,0.7431,0.7704,0.8554,0.3175,0.4914,0.5433,0.5352,0.6644,0.7215,0.5215,0.6780,0.7373,0.4199,0.6021,0.7308,0.6564,0.4199,0.0943,0.3682,0.0000,0.5922,0.4182,0.5147,0.2785,0.6453,0.6809,0.7589,0.6081,0.7318,0.2879,0.4915,0.5329,0.4034,0.6011,0.6341,0.4836,0.6443,0.6866,0.4774,0.5953,0.7929,0.5366,0.4774
2026.03.24.18.00.22_N18,N18,True,0.7624,0.8507,0.9528,0.7624,0.8220,0.6790,0.8359,0.9764,0.9846,0.6094,0.7281,0.8244,0.8880,0.6465,0.8204,0.7379,0.8512,0.6081,0.7498,0.7724,0.8199,0.8987,0.9031,0.7820,0.8584,0.8860,0.7136,0.8159,0.9571,0.7136,0.7601,0.4133,0.6522,0.9256,0.9538,0.7759,0.8819,0.7934,0.8802,0.5657,0.7790,0.5055,0.7535,0.6711,0.7934,0.8103,0.7294,0.8305,0.8577,0.7192,0.8152,0.8459,0.5945,0.6909,0.8553,0.6169,0.5945
2026.03.25.12.49.29_N18,N18,True,0.5556,0.7023,0.9647,0.5900,0.5556,0.2469,0.6628,0.4471,0.7297,0.2600,0.5469,0.7547,0.8032,0.5631,0.7685,0.4466,0.6979,0.3471,0.5408,0.6473,0.4837,0.6895,0.7656,0.6667,0.7715,0.8286,0.5281,0.6735,0.9547,0.5281,0.5419,0.4222,0.7122,0.1714,0.6055,0.2826,0.5990,0.1795,0.6262,0.6441,0.7834,0.3488,0.7083,0.3607,0.5611,0.6610,0.4907,0.6730,0.7469,0.5589,0.7159,0.7870,0.5070,0.6368,0.8532,0.5507,0.5070
2026.03.25.13.04.32_N18,N18,True,0.4794,0.6657,0.9271,0.5786,0.4794,0.0930,0.5234,0.0597,0.6224,0.4314,0.7229,0.3876,0.5917,0.7748,0.8701,0.4202,0.6647,0.3967,0.5999,0.6609,0.5294,0.7141,0.7697,0.4788,0.6604,0.7390,0.5203,0.6536,0.9170,0.5244,0.5203,0.2810,0.4833,0.4505,0.6536,0.4815,0.6892,0.3566,0.5711,0.8226,0.8861,0.4032,0.6386,0.4615,0.6439,0.6955,0.5625,0.6986,0.7635,0.4627,0.6296,0.7041,0.3995,0.5260,0.7712,0.4069,0.3995
2026.03.25.14.35.20_N17,N17,True,0.6225,0.7114,0.8445,0.6440,0.6225,0.3704,0.5977,0.5410,0.6375,0.0619,0.4823,0.7081,0.8162,0.7840,0.8706,0.7818,0.8615,0.5493,0.6512,0.6414,0.6582,0.7295,0.7459,0.5707,0.7229,0.7587,0.6813,0.7441,0.8009,0.6868,0.6813,0.5567,0.7253,0.4671,0.5525,0.6018,0.7155,0.6962,0.7777,0.8052,0.8450,0.7442,0.8462,0.7135,0.7609,0.7241,0.6969,0.7582,0.7357,0.6494,0.7289,0.7406,0.3361,0.4855,0.7700,0.3361,0.3493
2026.03.25.14.46.04_N17,N17,True,0.7200,0.7847,0.8562,0.7200,0.7520,0.5631,0.6611,0.5429,0.6892,0.6200,0.7947,0.8235,0.8817,0.7833,0.8702,0.6935,0.8099,0.5594,0.6343,0.6215,0.7347,0.7837,0.7775,0.7688,0.8412,0.8691,0.7144,0.7877,0.8018,0.7144,0.7508,0.4480,0.5294,0.6122,0.6866,0.8652,0.9069,0.7755,0.8635,0.7820,0.8884,0.8052,0.8516,0.5989,0.6782,0.6389,0.6863,0.7867,0.7422,0.7707,0.8290,0.8203,0.2477,0.4745,0.7914,0.2477,0.3669
2026.03.26.12.37.48_N18,N18,True,0.5635,0.6835,0.8944,0.5635,0.6093,0.0000,0.4172,0.4423,0.6599,0.3853,0.5869,0.6406,0.7641,0.5918,0.7744,0.8403,0.9014,0.5312,0.6909,0.7347,0.5714,0.6843,0.7505,0.5503,0.6797,0.7555,0.5198,0.6586,0.8964,0.5198,0.5687,0.0000,0.4198,0.1165,0.5441,0.4174,0.5866,0.5714,0.7717,0.5263,0.7205,0.8640,0.9123,0.3968,0.6504,0.7075,0.5581,0.6746,0.7443,0.5191,0.6512,0.7283,0.4342,0.5929,0.8320,0.5097,0.4342
2026.03.26.14.21.39_N17,N17,True,0.8130,0.8646,0.8995,0.8130,0.8709,0.8108,0.8673,0.8205,0.8997,0.4839,0.7127,0.7667,0.8791,0.8430,0.9101,0.8889,0.9197,0.6842,0.7249,0.7186,0.8560,0.9170,0.9232,0.8203,0.8855,0.8947,0.7220,0.7947,0.8289,0.7220,0.7827,0.5577,0.7402,0.6740,0.7911,0.4714,0.6206,0.7059,0.8013,0.7586,0.8690,0.9254,0.9482,0.6584,0.7022,0.6780,0.7185,0.8284,0.8237,0.7386,0.8092,0.8062,0.5860,0.6897,0.8672,0.5860,0.6102
2026.03.27.16.34.41_N14,N14,True,0.5257,0.6325,0.8154,0.5550,0.5257,0.0567,0.2952,0.3556,0.5423,0.7664,0.8205,0.6780,0.7644,0.4299,0.6736,0.5732,0.7010,0.4211,0.5807,0.6246,0.5643,0.6721,0.7164,0.4506,0.6278,0.6710,0.4174,0.5496,0.7368,0.4174,0.4866,0.0182,0.3867,0.4062,0.5114,0.6458,0.7716,0.3582,0.5617,0.1386,0.4798,0.4615,0.5868,0.3759,0.5167,0.5495,0.4609,0.6090,0.6501,0.4067,0.5250,0.5674,0.3808,0.5694,0.7146,0.6170,0.3808
