вариант,F,P,F1 покой,F1 левая,F1 правая,EEG F,EEG F1 п/л/п,AUC п/в,AUC Л/П,худший класс Л/П/покой
base,0.5067,0.6400,0.8410,0.5393,0.5282,0.4730,0.802/0.505/0.498,0.8767,0.6745,22/34/0
+csp_colleague_raw,0.5063,0.6405,0.8393,0.5377,0.5329,0.4748,0.801/0.505/0.504,0.8771,0.6732,24/32/0
+cspOnly_colleague_raw,0.5054,0.6401,0.8396,0.5372,0.5315,0.4763,0.801/0.506/0.504,0.8772,0.6739,25/31/0
+csp_colleague_filters_on_bp4-30,0.5070,0.6405,0.8405,0.5391,0.5305,0.4761,0.803/0.507/0.502,0.8768,0.6750,21/35/0
+csp_loso_raw,0.5062,0.6401,0.8387,0.5378,0.5322,0.4765,0.799/0.505/0.505,0.8772,0.6732,25/31/0
+csp_loso_bp4-30,0.5084,0.6405,0.8402,0.5399,0.5302,0.4762,0.802/0.506/0.502,0.8768,0.6753,21/35/0
+powAsym_bp4-30,0.5083,0.6404,0.8410,0.5394,0.5296,0.4748,0.803/0.505/0.500,0.8771,0.6753,22/34/0
+asym_bp4-30,0.5101,0.6414,0.8420,0.5408,0.5309,0.4745,0.804/0.505/0.501,0.8770,0.6753,23/33/0
csponly_colleague_raw,0.3046,0.4293,0.4784,0.3540,0.3641,0.2721,0.413/0.335/0.346,0.6494,0.5238,26/20/10
csponly_loso_bp4-30,0.3944,0.5214,0.6309,0.4411,0.4322,0.3592,0.574/0.413/0.407,0.7432,0.5885,20/31/5
