event,seconds,end_sample,block
fit_block,0.164005,,1
predict,0.000676,22942,
predict,0.000545,23004,
predict,0.000622,23066,
predict,0.000548,23128,
predict,0.000558,23190,
predict,0.000529,23252,
predict,0.00051,23314,
predict,0.00052,23376,
predict,0.000515,23438,
predict,0.000533,23500,
predict,0.000528,23562,
predict,0.000526,23624,
predict,0.000509,23686,
predict,0.00053,23748,
predict,0.00053,23810,
predict,0.000541,23872,
predict,0.000518,23934,
predict,0.000512,23996,
predict,0.000516,24058,
predict,0.000517,24120,
predict,0.000494,24182,
predict,0.000509,24244,
predict,0.000498,24306,
predict,0.000621,24368,
predict,0.000568,24430,
predict,0.000556,24492,
predict,0.000535,24554,
predict,0.000534,24616,
predict,0.000511,24678,
predict,0.000514,24740,
predict,0.000539,24802,
predict,0.000552,24864,
predict,0.000524,25546,
predict,0.00051,25608,
predict,0.000522,25670,
predict,0.000508,25732,
predict,0.000531,25794,
predict,0.000521,25856,
predict,0.000511,25918,
predict,0.000537,25980,
predict,0.000507,26042,
predict,0.000502,26104,
predict,0.000504,26166,
predict,0.000496,26228,
predict,0.000504,26290,
predict,0.000494,26352,
predict,0.000531,26414,
predict,0.000523,26476,
predict,0.00051,26538,
predict,0.000519,26600,
predict,0.000509,26662,
predict,0.000537,26724,
predict,0.000517,26786,
predict,0.000534,26848,
predict,0.000516,26910,
predict,0.000522,26972,
predict,0.000504,27034,
predict,0.000514,27096,
predict,0.000505,27158,
predict,0.0005,27220,
predict,0.000509,27282,
predict,0.000626,27344,
predict,0.000511,27406,
predict,0.000524,27468,
predict,0.000515,27530,
predict,0.000538,28212,
predict,0.000498,28274,
predict,0.000496,28336,
predict,0.000504,28398,
predict,0.000495,28460,
predict,0.000496,28522,
predict,0.000504,28584,
predict,0.000532,28646,
predict,0.0005,28708,
predict,0.000531,28770,
predict,0.000526,28832,
predict,0.000525,28894,
predict,0.000521,28956,
predict,0.000505,29018,
predict,0.000511,29080,
predict,0.000517,29142,
predict,0.000512,29204,
predict,0.00052,29266,
predict,0.000509,29328,
predict,0.000514,29390,
predict,0.000523,29452,
predict,0.000522,29514,
predict,0.000517,29576,
predict,0.000519,29638,
predict,0.000525,29700,
predict,0.000532,29762,
predict,0.000562,29824,
predict,0.000518,29886,
predict,0.000565,29948,
predict,0.000523,30010,
predict,0.000514,30072,
predict,0.000503,30134,
predict,0.000617,30816,
predict,0.000548,30878,
predict,0.000511,30940,
predict,0.000513,31002,
predict,0.000516,31064,
predict,0.000518,31126,
predict,0.000546,31188,
predict,0.000521,31250,
predict,0.000517,31312,
predict,0.000528,31374,
predict,0.000531,31436,
predict,0.000547,31498,
predict,0.000519,31560,
predict,0.000504,31622,
predict,0.000521,31684,
predict,0.000509,31746,
predict,0.000522,31808,
predict,0.000518,31870,
predict,0.000572,31932,
predict,0.000596,31994,
predict,0.000546,32056,
predict,0.000522,32118,
predict,0.000533,32180,
predict,0.00053,32242,
predict,0.000528,32304,
predict,0.000523,32366,
predict,0.000597,32428,
predict,0.00056,32490,
predict,0.000545,32552,
predict,0.000532,32614,
predict,0.000505,32676,
predict,0.000496,32738,
predict,0.000519,33420,
predict,0.000542,33482,
predict,0.000524,33544,
predict,0.000537,33606,
predict,0.000561,33668,
predict,0.000504,33730,
predict,0.000513,33792,
predict,0.000507,33854,
predict,0.000509,33916,
predict,0.000525,33978,
predict,0.000533,34040,
predict,0.000545,34102,
predict,0.000667,34164,
predict,0.000576,34226,
predict,0.000543,34288,
predict,0.000529,34350,
predict,0.000533,34412,
predict,0.000535,34474,
predict,0.000542,34536,
predict,0.000547,34598,
predict,0.000518,34660,
predict,0.000483,34722,
predict,0.000496,34784,
predict,0.000523,34846,
predict,0.000514,34908,
predict,0.0005,34970,
predict,0.000496,35032,
predict,0.0005,35094,
predict,0.000503,35156,
predict,0.000726,35218,
predict,0.000539,35280,
predict,0.000527,35342,
predict,0.000514,35404,
predict,0.00051,36086,
predict,0.00053,36148,
predict,0.000532,36210,
predict,0.000503,36272,
predict,0.000501,36334,
predict,0.000509,36396,
predict,0.000505,36458,
predict,0.00055,36520,
predict,0.00053,36582,
predict,0.000637,36644,
predict,0.000555,36706,
predict,0.000477,36768,
predict,0.000477,36830,
predict,0.000499,36892,
predict,0.000521,36954,
predict,0.000515,37016,
predict,0.000509,37078,
predict,0.000517,37140,
predict,0.000505,37202,
predict,0.000501,37264,
predict,0.000498,37326,
predict,0.000507,37388,
predict,0.000502,37450,
predict,0.000503,37512,
predict,0.000497,37574,
predict,0.000503,37636,
predict,0.000505,37698,
predict,0.000498,37760,
predict,0.000705,37822,
predict,0.000536,37884,
predict,0.00052,37946,
predict,0.000517,38008,
predict,0.000517,38690,
predict,0.000507,38752,
predict,0.000512,38814,
predict,0.000501,38876,
predict,0.000498,38938,
predict,0.000508,39000,
predict,0.000505,39062,
predict,0.000534,39124,
predict,0.000499,39186,
predict,0.000498,39248,
predict,0.000528,39310,
predict,0.000498,39372,
predict,0.000501,39434,
predict,0.000504,39496,
predict,0.000635,39558,
predict,0.000514,39620,
predict,0.000505,39682,
predict,0.000509,39744,
predict,0.000506,39806,
predict,0.00054,39868,
predict,0.00057,39930,
predict,0.000539,39992,
predict,0.000526,40054,
predict,0.000514,40116,
predict,0.000501,40178,
predict,0.000524,40240,
predict,0.000532,40302,
predict,0.000498,40364,
predict,0.000508,40426,
predict,0.000491,40488,
predict,0.000499,40550,
predict,0.000495,40612,
predict,0.00094,41294,
predict,0.000631,41356,
predict,0.000622,41418,
predict,0.000599,41480,
predict,0.000605,41542,
predict,0.0006,41604,
predict,0.000503,41666,
predict,0.000501,41728,
predict,0.000508,41790,
predict,0.000501,41852,
predict,0.000508,41914,
predict,0.000504,41976,
predict,0.000514,42038,
predict,0.000521,42100,
predict,0.000544,42162,
predict,0.000522,42224,
predict,0.000512,42286,
predict,0.000511,42348,
predict,0.000687,42410,
predict,0.000556,42472,
predict,0.000529,42534,
predict,0.00055,42596,
predict,0.000604,42658,
predict,0.000508,42720,
predict,0.000504,42782,
predict,0.000514,42844,
predict,0.00051,42906,
predict,0.000501,42968,
predict,0.000501,43030,
predict,0.000546,43092,
predict,0.000548,43154,
predict,0.000501,43216,
predict,0.000537,43278,
fit_block,0.10798,,2
predict,0.000629,44022,
predict,0.000551,44084,
predict,0.000537,44146,
predict,0.000593,44208,
predict,0.000575,44270,
predict,0.000538,44332,
predict,0.000543,44394,
predict,0.000533,44456,
predict,0.000546,44518,
predict,0.000509,44580,
predict,0.000544,44642,
predict,0.000671,44704,
predict,0.000613,44766,
predict,0.00061,44828,
predict,0.000566,44890,
predict,0.000554,44952,
predict,0.000541,45014,
predict,0.000526,45076,
predict,0.000525,45138,
predict,0.000523,45200,
predict,0.000531,45262,
predict,0.000524,45324,
predict,0.000516,45386,
predict,0.000516,45448,
predict,0.000516,45510,
predict,0.000524,45572,
predict,0.000501,45634,
predict,0.000508,45696,
predict,0.000507,45758,
predict,0.000555,45820,
predict,0.000685,45882,
predict,0.000766,45944,
predict,0.000553,46626,
predict,0.000533,46688,
predict,0.000531,46750,
predict,0.00053,46812,
predict,0.000533,46874,
predict,0.00052,46936,
predict,0.000526,46998,
predict,0.000536,47060,
predict,0.000508,47122,
predict,0.000508,47184,
predict,0.000504,47246,
predict,0.000539,47308,
predict,0.000526,47370,
predict,0.000539,47432,
predict,0.000546,47494,
predict,0.000555,47556,
predict,0.000828,47618,
predict,0.000608,47680,
predict,0.000546,47742,
predict,0.000551,47804,
predict,0.000535,47866,
predict,0.000527,47928,
predict,0.000527,47990,
predict,0.000529,48052,
predict,0.000541,48114,
predict,0.00051,48176,
predict,0.00051,48238,
predict,0.000513,48300,
predict,0.000533,48362,
predict,0.000519,48424,
predict,0.000512,48486,
predict,0.000506,48548,
predict,0.000729,49230,
predict,0.000612,49292,
predict,0.000564,49354,
predict,0.000529,49416,
predict,0.000517,49478,
predict,0.000508,49540,
predict,0.000519,49602,
predict,0.000507,49664,
predict,0.000517,49726,
predict,0.000501,49788,
predict,0.000509,49850,
predict,0.000514,49912,
predict,0.000559,49974,
predict,0.00052,50036,
predict,0.00054,50098,
predict,0.00053,50160,
predict,0.000539,50222,
predict,0.000525,50284,
predict,0.00052,50346,
predict,0.000557,50408,
predict,0.000635,50470,
predict,0.000584,50532,
predict,0.000589,50594,
predict,0.000551,50656,
predict,0.000547,50718,
predict,0.000525,50780,
predict,0.000509,50842,
predict,0.000534,50904,
predict,0.000509,50966,
predict,0.00051,51028,
predict,0.000538,51090,
predict,0.00055,51152,
predict,0.000543,51214,
predict,0.000528,51896,
predict,0.000552,51958,
predict,0.000551,52020,
predict,0.000552,52082,
predict,0.000538,52144,
predict,0.00052,52206,
predict,0.000506,52268,
predict,0.0005,52330,
predict,0.000516,52392,
predict,0.000505,52454,
predict,0.000533,52516,
predict,0.000513,52578,
predict,0.000548,52640,
predict,0.00051,52702,
predict,0.000516,52764,
predict,0.000504,52826,
predict,0.000507,52888,
predict,0.0005,52950,
predict,0.000514,53012,
predict,0.000507,53074,
predict,0.000513,53136,
predict,0.000511,53198,
predict,0.000519,53260,
predict,0.000542,53322,
predict,0.000645,53384,
predict,0.000568,53446,
predict,0.000664,53508,
predict,0.000585,53570,
predict,0.00055,53632,
predict,0.000527,53694,
predict,0.000528,53756,
predict,0.000523,53818,
predict,0.000525,54500,
predict,0.000545,54562,
predict,0.000527,54624,
predict,0.000535,54686,
predict,0.000523,54748,
predict,0.000538,54810,
predict,0.000537,54872,
predict,0.000536,54934,
predict,0.00052,54996,
predict,0.000556,55058,
predict,0.000642,55120,
predict,0.000598,55182,
predict,0.000558,55244,
predict,0.000554,55306,
predict,0.000549,55368,
predict,0.00054,55430,
predict,0.000545,55492,
predict,0.000538,55554,
predict,0.000547,55616,
predict,0.000536,55678,
predict,0.000549,55740,
predict,0.000537,55802,
predict,0.000568,55864,
predict,0.000529,55926,
predict,0.000529,55988,
predict,0.000522,56050,
predict,0.000538,56112,
predict,0.000673,56174,
predict,0.000592,56236,
predict,0.000559,56298,
predict,0.000499,56360,
predict,0.000559,56422,
predict,0.000528,57104,
predict,0.00052,57166,
predict,0.000519,57228,
predict,0.000519,57290,
predict,0.000513,57352,
predict,0.00053,57414,
predict,0.000515,57476,
predict,0.000513,57538,
predict,0.000512,57600,
predict,0.000521,57662,
predict,0.000515,57724,
predict,0.000518,57786,
predict,0.000512,57848,
predict,0.000539,57910,
predict,0.000581,57972,
predict,0.000684,58034,
predict,0.000578,58096,
predict,0.00053,58158,
predict,0.000522,58220,
predict,0.000519,58282,
predict,0.000507,58344,
predict,0.000513,58406,
predict,0.000492,58468,
predict,0.000478,58530,
predict,0.000548,58592,
predict,0.000519,58654,
predict,0.000538,58716,
predict,0.000526,58778,
predict,0.000523,58840,
predict,0.00053,58902,
predict,0.000515,58964,
predict,0.000515,59026,
predict,0.000615,59088,
predict,0.000612,59770,
predict,0.000613,59832,
predict,0.000528,59894,
predict,0.000517,59956,
predict,0.000523,60018,
predict,0.000517,60080,
predict,0.000517,60142,
predict,0.000539,60204,
predict,0.000515,60266,
predict,0.000514,60328,
predict,0.000515,60390,
predict,0.000514,60452,
predict,0.000514,60514,
predict,0.000509,60576,
predict,0.000515,60638,
predict,0.000513,60700,
predict,0.000512,60762,
predict,0.000516,60824,
predict,0.000541,60886,
predict,0.000542,60948,
predict,0.000531,61010,
predict,0.000519,61072,
predict,0.000517,61134,
predict,0.000516,61196,
predict,0.000514,61258,
predict,0.000519,61320,
predict,0.000514,61382,
predict,0.000539,61444,
predict,0.000518,61506,
predict,0.00051,61568,
predict,0.000517,61630,
predict,0.000507,61692,
predict,0.000517,62374,
predict,0.000518,62436,
predict,0.000517,62498,
predict,0.000513,62560,
predict,0.000514,62622,
predict,0.000569,62684,
predict,0.000532,62746,
predict,0.000583,62808,
predict,0.000518,62870,
predict,0.000519,62932,
predict,0.000518,62994,
predict,0.000513,63056,
predict,0.000513,63118,
predict,0.000516,63180,
predict,0.000507,63242,
predict,0.000518,63304,
predict,0.000526,63366,
predict,0.000551,63428,
predict,0.000518,63490,
predict,0.000522,63552,
predict,0.000527,63614,
predict,0.000524,63676,
predict,0.000514,63738,
predict,0.000523,63800,
predict,0.000515,63862,
predict,0.00062,63924,
predict,0.00071,63986,
predict,0.000553,64048,
predict,0.000542,64110,
predict,0.000542,64172,
predict,0.000523,64234,
predict,0.00053,64296,
fit_block,0.379745,,3
predict,0.000672,65102,
predict,0.000579,65164,
predict,0.000578,65226,
predict,0.000548,65288,
predict,0.000544,65350,
predict,0.000561,65412,
predict,0.000547,65474,
predict,0.000545,65536,
predict,0.000558,65598,
predict,0.000548,65660,
predict,0.000563,65722,
predict,0.000551,65784,
predict,0.000528,65846,
predict,0.000588,65908,
predict,0.000732,65970,
predict,0.000581,66032,
predict,0.00056,66094,
predict,0.000539,66156,
predict,0.000566,66218,
predict,0.000538,66280,
predict,0.000537,66342,
predict,0.000536,66404,
predict,0.000549,66466,
predict,0.000548,66528,
predict,0.000578,66590,
predict,0.000578,66652,
predict,0.000561,66714,
predict,0.000543,66776,
predict,0.000542,66838,
predict,0.000565,66900,
predict,0.000558,66962,
predict,0.000679,67024,
predict,0.000602,67768,
predict,0.000549,67830,
predict,0.000538,67892,
predict,0.000534,67954,
predict,0.000526,68016,
predict,0.000546,68078,
predict,0.000534,68140,
predict,0.000541,68202,
predict,0.000581,68264,
predict,0.000577,68326,
predict,0.000527,68388,
predict,0.000519,68450,
predict,0.000528,68512,
predict,0.000539,68574,
predict,0.000525,68636,
predict,0.000579,68698,
predict,0.000597,68760,
predict,0.000542,68822,
predict,0.000552,68884,
predict,0.000554,68946,
predict,0.000556,69008,
predict,0.00058,69070,
predict,0.000567,69132,
predict,0.000609,69194,
predict,0.000598,69256,
predict,0.000569,69318,
predict,0.000556,69380,
predict,0.000628,69442,
predict,0.000554,69504,
predict,0.000602,69566,
predict,0.00062,69628,
predict,0.000666,69690,
predict,0.000617,70372,
predict,0.000574,70434,
predict,0.00058,70496,
predict,0.000568,70558,
predict,0.000533,70620,
predict,0.000509,70682,
predict,0.000546,70744,
predict,0.000542,70806,
predict,0.000531,70868,
predict,0.000527,70930,
predict,0.000525,70992,
predict,0.000522,71054,
predict,0.000527,71116,
predict,0.000521,71178,
predict,0.000521,71240,
predict,0.000596,71302,
predict,0.000541,71364,
predict,0.000532,71426,
predict,0.000555,71488,
predict,0.000522,71550,
predict,0.000529,71612,
predict,0.000522,71674,
predict,0.00052,71736,
predict,0.000543,71798,
predict,0.000521,71860,
predict,0.000516,71922,
predict,0.000517,71984,
predict,0.000535,72046,
predict,0.000529,72108,
predict,0.000496,72170,
predict,0.00059,72232,
predict,0.000491,72294,
predict,0.000659,72976,
predict,0.000544,73038,
predict,0.000547,73100,
predict,0.00055,73162,
predict,0.000719,73224,
predict,0.000574,73286,
predict,0.000549,73348,
predict,0.000542,73410,
predict,0.000533,73472,
predict,0.000534,73534,
predict,0.000533,73596,
predict,0.000529,73658,
predict,0.000527,73720,
predict,0.000527,73782,
predict,0.000525,73844,
predict,0.000526,73906,
predict,0.000523,73968,
predict,0.000535,74030,
predict,0.000527,74092,
predict,0.000618,74154,
predict,0.000561,74216,
predict,0.00053,74278,
predict,0.000521,74340,
predict,0.000529,74402,
predict,0.000521,74464,
predict,0.000521,74526,
predict,0.000528,74588,
predict,0.000524,74650,
predict,0.000517,74712,
predict,0.000516,74774,
predict,0.000517,74836,
predict,0.000529,74898,
predict,0.000519,74960,
predict,0.000528,75642,
predict,0.000522,75704,
predict,0.000522,75766,
predict,0.000519,75828,
predict,0.000581,75890,
predict,0.00054,75952,
predict,0.000527,76014,
predict,0.000523,76076,
predict,0.000519,76138,
predict,0.000519,76200,
predict,0.000524,76262,
predict,0.000525,76324,
predict,0.000529,76386,
predict,0.000524,76448,
predict,0.00053,76510,
predict,0.00052,76572,
predict,0.000534,76634,
predict,0.000528,76696,
predict,0.00052,76758,
predict,0.000526,76820,
predict,0.000533,76882,
predict,0.000523,76944,
predict,0.000532,77006,
predict,0.000529,77068,
predict,0.000578,77130,
predict,0.000565,77192,
predict,0.00071,77254,
predict,0.000563,77316,
predict,0.000533,77378,
predict,0.000536,77440,
predict,0.000526,77502,
predict,0.000528,77564,
predict,0.00053,78246,
predict,0.000521,78308,
predict,0.000521,78370,
predict,0.000555,78432,
predict,0.000539,78494,
predict,0.000535,78556,
predict,0.000534,78618,
predict,0.000525,78680,
predict,0.000526,78742,
predict,0.000537,78804,
predict,0.000621,78866,
predict,0.000559,78928,
predict,0.000549,78990,
predict,0.000555,79052,
predict,0.000546,79114,
predict,0.000545,79176,
predict,0.000532,79238,
predict,0.000527,79300,
predict,0.000527,79362,
predict,0.000535,79424,
predict,0.000528,79486,
predict,0.000534,79548,
predict,0.000513,79610,
predict,0.000539,79672,
predict,0.000534,79734,
predict,0.000522,79796,
predict,0.000532,79858,
predict,0.000549,79920,
predict,0.00053,79982,
predict,0.000669,80044,
predict,0.000645,80106,
predict,0.000637,80168,
predict,0.000629,80850,
predict,0.000636,80912,
predict,0.000547,80974,
predict,0.000528,81036,
predict,0.000531,81098,
predict,0.000521,81160,
predict,0.000531,81222,
predict,0.000517,81284,
predict,0.000539,81346,
predict,0.000542,81408,
predict,0.000536,81470,
predict,0.000537,81532,
predict,0.000543,81594,
predict,0.000532,81656,
predict,0.00058,81718,
predict,0.000533,81780,
predict,0.000531,81842,
predict,0.000534,81904,
predict,0.000548,81966,
predict,0.000565,82028,
predict,0.00054,82090,
predict,0.0006,82152,
predict,0.000544,82214,
predict,0.000563,82276,
predict,0.000515,82338,
predict,0.000509,82400,
predict,0.0005,82462,
predict,0.000508,82524,
predict,0.000535,82586,
predict,0.000507,82648,
predict,0.000514,82710,
predict,0.000534,82772,
predict,0.000619,83516,
predict,0.000563,83578,
predict,0.000542,83640,
predict,0.000553,83702,
predict,0.000538,83764,
predict,0.000529,83826,
predict,0.000545,83888,
predict,0.000522,83950,
predict,0.000533,84012,
predict,0.000528,84074,
predict,0.000526,84136,
predict,0.000532,84198,
predict,0.00053,84260,
predict,0.000524,84322,
predict,0.000533,84384,
predict,0.000535,84446,
predict,0.00053,84508,
predict,0.000548,84570,
predict,0.000545,84632,
predict,0.000541,84694,
predict,0.00053,84756,
predict,0.000539,84818,
predict,0.000528,84880,
predict,0.000528,84942,
predict,0.000535,85004,
predict,0.000525,85066,
predict,0.000527,85128,
predict,0.000532,85190,
predict,0.000527,85252,
predict,0.000537,85314,
predict,0.000527,85376,
predict,0.000524,85438,
fit_block,0.36438,,4
predict,0.00066,86182,
predict,0.000585,86244,
predict,0.000559,86306,
predict,0.000571,86368,
predict,0.000569,86430,
predict,0.000626,86492,
predict,0.00062,86554,
predict,0.000588,86616,
predict,0.000561,86678,
predict,0.000536,86740,
predict,0.000537,86802,
predict,0.000536,86864,
predict,0.000537,86926,
predict,0.00054,86988,
predict,0.000529,87050,
predict,0.00059,87112,
predict,0.000552,87174,
predict,0.000671,87236,
predict,0.000614,87298,
predict,0.000617,87360,
predict,0.000586,87422,
predict,0.000546,87484,
predict,0.000547,87546,
predict,0.00056,87608,
predict,0.000563,87670,
predict,0.000544,87732,
predict,0.000524,87794,
predict,0.000539,87856,
predict,0.000536,87918,
predict,0.00053,87980,
predict,0.000538,88042,
predict,0.000549,88104,
predict,0.000547,88786,
predict,0.000547,88848,
predict,0.000584,88910,
predict,0.000571,88972,
predict,0.000538,89034,
predict,0.000561,89096,
predict,0.00055,89158,
predict,0.000557,89220,
predict,0.000535,89282,
predict,0.000537,89344,
predict,0.000539,89406,
predict,0.000535,89468,
predict,0.000535,89530,
predict,0.00054,89592,
predict,0.000544,89654,
predict,0.000534,89716,
predict,0.000572,89778,
predict,0.000624,89840,
predict,0.000575,89902,
predict,0.000571,89964,
predict,0.000554,90026,
predict,0.000547,90088,
predict,0.000555,90150,
predict,0.000575,90212,
predict,0.000561,90274,
predict,0.000572,90336,
predict,0.000578,90398,
predict,0.000627,90460,
predict,0.000623,90522,
predict,0.000572,90584,
predict,0.000587,90646,
predict,0.000569,90708,
predict,0.000573,90770,
predict,0.000581,91452,
predict,0.000572,91514,
predict,0.000547,91576,
predict,0.000555,91638,
predict,0.000538,91700,
predict,0.00053,91762,
predict,0.000545,91824,
predict,0.000527,91886,
predict,0.000534,91948,
predict,0.000542,92010,
predict,0.000529,92072,
predict,0.000562,92134,
predict,0.000534,92196,
predict,0.000517,92258,
predict,0.000528,92320,
predict,0.000571,92382,
predict,0.00055,92444,
predict,0.000557,92506,
predict,0.000566,92568,
predict,0.000551,92630,
predict,0.000553,92692,
predict,0.000561,92754,
predict,0.000575,92816,
predict,0.000565,92878,
predict,0.000562,92940,
predict,0.000556,93002,
predict,0.000555,93064,
predict,0.000548,93126,
predict,0.00056,93188,
predict,0.000555,93250,
predict,0.000551,93312,
predict,0.000576,93374,
predict,0.000565,94056,
predict,0.000582,94118,
predict,0.000563,94180,
predict,0.000657,94242,
predict,0.000641,94304,
predict,0.000573,94366,
predict,0.000585,94428,
predict,0.00055,94490,
predict,0.000562,94552,
predict,0.000542,94614,
predict,0.000554,94676,
predict,0.000535,94738,
predict,0.00054,94800,
predict,0.00054,94862,
predict,0.000537,94924,
predict,0.000534,94986,
predict,0.000654,95048,
predict,0.000591,95110,
predict,0.00058,95172,
predict,0.000549,95234,
predict,0.000561,95296,
predict,0.000566,95358,
predict,0.000576,95420,
predict,0.000572,95482,
predict,0.000574,95544,
predict,0.000579,95606,
predict,0.000561,95668,
predict,0.000568,95730,
predict,0.00056,95792,
predict,0.000564,95854,
predict,0.000566,95916,
predict,0.00058,95978,
predict,0.000552,96660,
predict,0.000571,96722,
predict,0.000557,96784,
predict,0.000535,96846,
predict,0.000532,96908,
predict,0.000537,96970,
predict,0.000545,97032,
predict,0.000539,97094,
predict,0.00054,97156,
predict,0.000575,97218,
predict,0.000566,97280,
predict,0.000532,97342,
predict,0.000568,97404,
predict,0.00058,97466,
predict,0.000559,97528,
predict,0.000564,97590,
predict,0.000539,97652,
predict,0.000562,97714,
predict,0.000581,97776,
predict,0.000637,97838,
predict,0.000672,97900,
predict,0.000608,97962,
predict,0.000557,98024,
predict,0.000578,98086,
predict,0.000574,98148,
predict,0.000567,98210,
predict,0.000576,98272,
predict,0.000644,98334,
predict,0.000638,98396,
predict,0.000595,98458,
predict,0.00059,98520,
predict,0.000572,98582,
predict,0.000568,98644,
predict,0.000602,99326,
predict,0.000569,99388,
predict,0.000622,99450,
predict,0.000651,99512,
predict,0.000597,99574,
predict,0.000668,99636,
predict,0.000586,99698,
predict,0.000571,99760,
predict,0.000564,99822,
predict,0.00054,99884,
predict,0.000547,99946,
predict,0.00056,100008,
predict,0.000574,100070,
predict,0.000574,100132,
predict,0.000571,100194,
predict,0.000597,100256,
predict,0.000546,100318,
predict,0.000556,100380,
predict,0.000538,100442,
predict,0.000543,100504,
predict,0.00054,100566,
predict,0.00061,100628,
predict,0.000548,100690,
predict,0.000543,100752,
predict,0.000543,100814,
predict,0.000531,100876,
predict,0.000535,100938,
predict,0.00054,101000,
predict,0.000535,101062,
predict,0.000536,101124,
predict,0.000531,101186,
predict,0.000531,101248,
predict,0.00054,101930,
predict,0.000532,101992,
predict,0.000531,102054,
predict,0.000537,102116,
predict,0.000556,102178,
predict,0.000523,102240,
predict,0.000527,102302,
predict,0.000544,102364,
predict,0.000523,102426,
predict,0.000514,102488,
predict,0.000537,102550,
predict,0.000557,102612,
predict,0.000591,102674,
predict,0.000556,102736,
predict,0.000584,102798,
predict,0.000567,102860,
predict,0.000558,102922,
predict,0.000552,102984,
predict,0.000553,103046,
predict,0.000553,103108,
predict,0.000535,103170,
predict,0.000537,103232,
predict,0.000539,103294,
predict,0.000543,103356,
predict,0.000546,103418,
predict,0.00053,103480,
predict,0.000533,103542,
predict,0.000588,103604,
predict,0.000558,103666,
predict,0.000551,103728,
predict,0.000536,103790,
predict,0.000537,103852,
predict,0.000541,104534,
predict,0.000538,104596,
predict,0.000541,104658,
predict,0.000545,104720,
predict,0.000537,104782,
predict,0.000544,104844,
predict,0.000543,104906,
predict,0.000539,104968,
predict,0.000535,105030,
predict,0.000532,105092,
predict,0.000532,105154,
predict,0.000543,105216,
predict,0.000534,105278,
predict,0.000575,105340,
predict,0.00055,105402,
predict,0.000546,105464,
predict,0.000539,105526,
predict,0.000534,105588,
predict,0.000531,105650,
predict,0.000533,105712,
predict,0.000538,105774,
predict,0.000541,105836,
predict,0.000548,105898,
predict,0.000545,105960,
predict,0.00054,106022,
predict,0.00053,106084,
predict,0.000537,106146,
predict,0.000542,106208,
predict,0.000537,106270,
predict,0.000535,106332,
predict,0.000537,106394,
predict,0.000533,106456,
predict,0.000555,106518,
fit_block,0.639755,,5
predict,0.000709,107262,
predict,0.000628,107324,
predict,0.000587,107386,
predict,0.000598,107448,
predict,0.000621,107510,
predict,0.000631,107572,
predict,0.000582,107634,
predict,0.000587,107696,
predict,0.000656,107758,
predict,0.000656,107820,
predict,0.000615,107882,
predict,0.000581,107944,
predict,0.000578,108006,
predict,0.000665,108068,
predict,0.000597,108130,
predict,0.000582,108192,
predict,0.000579,108254,
predict,0.000635,108316,
predict,0.000584,108378,
predict,0.000574,108440,
predict,0.000578,108502,
predict,0.000563,108564,
predict,0.000553,108626,
predict,0.00055,108688,
predict,0.000563,108750,
predict,0.000688,108812,
predict,0.000635,108874,
predict,0.000617,108936,
predict,0.000561,108998,
predict,0.000533,109060,
predict,0.000572,109122,
predict,0.000546,109184,
predict,0.000549,109928,
predict,0.000544,109990,
predict,0.000545,110052,
predict,0.000543,110114,
predict,0.000539,110176,
predict,0.000544,110238,
predict,0.000549,110300,
predict,0.000537,110362,
predict,0.000542,110424,
predict,0.000539,110486,
predict,0.000537,110548,
predict,0.00054,110610,
predict,0.000539,110672,
predict,0.000568,110734,
predict,0.000548,110796,
predict,0.00054,110858,
predict,0.000541,110920,
predict,0.000542,110982,
predict,0.000532,111044,
predict,0.000546,111106,
predict,0.000519,111168,
predict,0.000525,111230,
predict,0.000618,111292,
predict,0.000553,111354,
predict,0.00054,111416,
predict,0.000528,111478,
predict,0.000545,111540,
predict,0.000516,111602,
predict,0.000519,111664,
predict,0.000545,111726,
predict,0.000576,111788,
predict,0.000608,111850,
predict,0.000571,112532,
predict,0.000572,112594,
predict,0.000561,112656,
predict,0.000556,112718,
predict,0.000553,112780,
predict,0.000559,112842,
predict,0.000569,112904,
predict,0.000635,112966,
predict,0.000568,113028,
predict,0.000564,113090,
predict,0.000551,113152,
predict,0.000555,113214,
predict,0.000543,113276,
predict,0.000541,113338,
predict,0.000545,113400,
predict,0.000544,113462,
predict,0.000551,113524,
predict,0.000545,113586,
predict,0.000552,113648,
predict,0.000546,113710,
predict,0.00054,113772,
predict,0.000541,113834,
predict,0.000544,113896,
predict,0.000536,113958,
predict,0.000561,114020,
predict,0.000582,114082,
predict,0.000549,114144,
predict,0.000553,114206,
predict,0.00054,114268,
predict,0.000537,114330,
predict,0.000534,114392,
predict,0.000536,114454,
predict,0.000539,115136,
predict,0.000542,115198,
predict,0.000627,115260,
predict,0.000575,115322,
predict,0.000559,115384,
predict,0.000558,115446,
predict,0.000567,115508,
predict,0.00061,115570,
predict,0.000561,115632,
predict,0.000557,115694,
predict,0.000549,115756,
predict,0.000552,115818,
predict,0.000555,115880,
predict,0.000555,115942,
predict,0.00055,116004,
predict,0.000558,116066,
predict,0.000542,116128,
predict,0.000541,116190,
predict,0.00054,116252,
predict,0.000543,116314,
predict,0.000611,116376,
predict,0.000572,116438,
predict,0.000573,116500,
predict,0.000555,116562,
predict,0.00055,116624,
predict,0.000549,116686,
predict,0.000549,116748,
predict,0.000559,116810,
predict,0.000564,116872,
predict,0.000662,116934,
predict,0.000579,116996,
predict,0.000563,117058,
predict,0.000547,117120,
predict,0.000551,117802,
predict,0.000544,117864,
predict,0.000543,117926,
predict,0.000552,117988,
predict,0.000572,118050,
predict,0.000575,118112,
predict,0.000553,118174,
predict,0.00055,118236,
predict,0.000556,118298,
predict,0.000548,118360,
predict,0.000555,118422,
predict,0.000546,118484,
predict,0.000544,118546,
predict,0.000548,118608,
predict,0.000547,118670,
predict,0.000548,118732,
predict,0.000562,118794,
predict,0.000547,118856,
predict,0.000552,118918,
predict,0.000549,118980,
predict,0.000551,119042,
predict,0.00054,119104,
predict,0.00054,119166,
predict,0.000538,119228,
predict,0.000573,119290,
predict,0.000553,119352,
predict,0.000556,119414,
predict,0.000543,119476,
predict,0.000549,119538,
predict,0.000556,119600,
predict,0.000561,119662,
predict,0.000548,119724,
predict,0.000548,120406,
predict,0.000548,120468,
predict,0.00055,120530,
predict,0.000554,120592,
predict,0.000563,120654,
predict,0.000562,120716,
predict,0.000556,120778,
predict,0.000541,120840,
predict,0.000542,120902,
predict,0.000525,120964,
predict,0.000552,121026,
predict,0.000564,121088,
predict,0.000558,121150,
predict,0.000575,121212,
predict,0.000552,121274,
predict,0.000558,121336,
predict,0.000557,121398,
predict,0.000547,121460,
predict,0.000551,121522,
predict,0.000546,121584,
predict,0.000546,121646,
predict,0.000547,121708,
predict,0.000547,121770,
predict,0.000553,121832,
predict,0.000532,121894,
predict,0.000528,121956,
predict,0.000561,122018,
predict,0.000547,122080,
predict,0.000533,122142,
predict,0.000602,122204,
predict,0.000574,122266,
predict,0.000556,122328,
predict,0.000609,123010,
predict,0.000659,123072,
predict,0.000637,123134,
predict,0.000636,123196,
predict,0.000654,123258,
predict,0.000663,123320,
predict,0.000667,123382,
predict,0.000552,123444,
predict,0.000553,123506,
predict,0.000553,123568,
predict,0.000542,123630,
predict,0.000552,123692,
predict,0.00054,123754,
predict,0.000586,123816,
predict,0.000589,123878,
predict,0.000555,123940,
predict,0.000561,124002,
predict,0.000587,124064,
predict,0.000568,124126,
predict,0.000557,124188,
predict,0.000556,124250,
predict,0.000563,124312,
predict,0.000544,124374,
predict,0.000554,124436,
predict,0.000549,124498,
predict,0.000556,124560,
predict,0.000557,124622,
predict,0.000543,124684,
predict,0.000548,124746,
predict,0.000578,124808,
predict,0.000567,124870,
predict,0.000557,124932,
predict,0.000643,124994,
predict,0.000602,125676,
predict,0.000558,125738,
predict,0.00054,125800,
predict,0.000534,125862,
predict,0.000555,125924,
predict,0.000533,125986,
predict,0.000601,126048,
predict,0.000577,126110,
predict,0.000862,126172,
predict,0.000557,126234,
predict,0.000584,126296,
predict,0.000575,126358,
predict,0.000574,126420,
predict,0.000568,126482,
predict,0.000584,126544,
predict,0.000571,126606,
predict,0.000572,126668,
predict,0.000565,126730,
predict,0.00057,126792,
predict,0.000565,126854,
predict,0.000563,126916,
predict,0.000555,126978,
predict,0.000553,127040,
predict,0.000552,127102,
predict,0.000553,127164,
predict,0.000554,127226,
predict,0.000548,127288,
predict,0.000546,127350,
predict,0.00058,127412,
predict,0.000556,127474,
predict,0.000576,127536,
predict,0.000566,127598,
fit_block,0.738857,,6
predict,0.000684,128404,
predict,0.000573,128466,
predict,0.000622,128528,
predict,0.000555,128590,
predict,0.000546,128652,
predict,0.00055,128714,
predict,0.000544,128776,
predict,0.000538,128838,
predict,0.000547,128900,
predict,0.000546,128962,
predict,0.000537,129024,
predict,0.00054,129086,
predict,0.000539,129148,
predict,0.000544,129210,
predict,0.000554,129272,
predict,0.000537,129334,
predict,0.000548,129396,
predict,0.000538,129458,
predict,0.000559,129520,
predict,0.000536,129582,
predict,0.000533,129644,
predict,0.000536,129706,
predict,0.000533,129768,
predict,0.000536,129830,
predict,0.000542,129892,
predict,0.000535,129954,
predict,0.000545,130016,
predict,0.000535,130078,
predict,0.000534,130140,
predict,0.000542,130202,
predict,0.000536,130264,
predict,0.000536,130326,
predict,0.000538,131008,
predict,0.000549,131070,
predict,0.000536,131132,
predict,0.000548,131194,
predict,0.000533,131256,
predict,0.000542,131318,
predict,0.000538,131380,
predict,0.000535,131442,
predict,0.000552,131504,
predict,0.000537,131566,
predict,0.000538,131628,
predict,0.000544,131690,
predict,0.000536,131752,
predict,0.000539,131814,
predict,0.000535,131876,
predict,0.000535,131938,
predict,0.000544,132000,
predict,0.000537,132062,
predict,0.000543,132124,
predict,0.000532,132186,
predict,0.000531,132248,
predict,0.000539,132310,
predict,0.000536,132372,
predict,0.000534,132434,
predict,0.000545,132496,
predict,0.000537,132558,
predict,0.000543,132620,
predict,0.000533,132682,
predict,0.000534,132744,
predict,0.000542,132806,
predict,0.000534,132868,
predict,0.000536,132930,
predict,0.000539,133612,
predict,0.000535,133674,
predict,0.000535,133736,
predict,0.000551,133798,
predict,0.000535,133860,
predict,0.000536,133922,
predict,0.000537,133984,
predict,0.000534,134046,
predict,0.000546,134108,
predict,0.000631,134170,
predict,0.000572,134232,
predict,0.000563,134294,
predict,0.000552,134356,
predict,0.000554,134418,
predict,0.000542,134480,
predict,0.000538,134542,
predict,0.000543,134604,
predict,0.000539,134666,
predict,0.000537,134728,
predict,0.000538,134790,
predict,0.000534,134852,
predict,0.000542,134914,
predict,0.000533,134976,
predict,0.000534,135038,
predict,0.000542,135100,
predict,0.000542,135162,
predict,0.000568,135224,
predict,0.000617,135286,
predict,0.000658,135348,
predict,0.00058,135410,
predict,0.000558,135472,
predict,0.000551,135534,
predict,0.000548,135596,
predict,0.000552,136278,
predict,0.000551,136340,
predict,0.000553,136402,
predict,0.000549,136464,
predict,0.000546,136526,
predict,0.000581,136588,
predict,0.000578,136650,
predict,0.000569,136712,
predict,0.00057,136774,
predict,0.000569,136836,
predict,0.00056,136898,
predict,0.000554,136960,
predict,0.000562,137022,
predict,0.000669,137084,
predict,0.000604,137146,
predict,0.000572,137208,
predict,0.000564,137270,
predict,0.000561,137332,
predict,0.000562,137394,
predict,0.000553,137456,
predict,0.000561,137518,
predict,0.000554,137580,
predict,0.00055,137642,
predict,0.000559,137704,
predict,0.000552,137766,
predict,0.000551,137828,
predict,0.000557,137890,
predict,0.000549,137952,
predict,0.000557,138014,
predict,0.000556,138076,
predict,0.000555,138138,
predict,0.000568,138200,
predict,0.000596,138882,
predict,0.000574,138944,
predict,0.000568,139006,
predict,0.000555,139068,
predict,0.000554,139130,
predict,0.000567,139192,
predict,0.000554,139254,
predict,0.000558,139316,
predict,0.000555,139378,
predict,0.000551,139440,
predict,0.00056,139502,
predict,0.000554,139564,
predict,0.000569,139626,
predict,0.000555,139688,
predict,0.000555,139750,
predict,0.000564,139812,
predict,0.000552,139874,
predict,0.000562,139936,
predict,0.000559,139998,
predict,0.000633,140060,
predict,0.000589,140122,
predict,0.000577,140184,
predict,0.000567,140246,
predict,0.000571,140308,
predict,0.000569,140370,
predict,0.000569,140432,
predict,0.000586,140494,
predict,0.00054,140556,
predict,0.000606,140618,
predict,0.000557,140680,
predict,0.000557,140742,
predict,0.000569,140804,
predict,0.00059,141486,
predict,0.000582,141548,
predict,0.000581,141610,
predict,0.000602,141672,
predict,0.000581,141734,
predict,0.00059,141796,
predict,0.000562,141858,
predict,0.000566,141920,
predict,0.000557,141982,
predict,0.000557,142044,
predict,0.000574,142106,
predict,0.000566,142168,
predict,0.000578,142230,
predict,0.000578,142292,
predict,0.000534,142354,
predict,0.000574,142416,
predict,0.000564,142478,
predict,0.000566,142540,
predict,0.000558,142602,
predict,0.000554,142664,
predict,0.000568,142726,
predict,0.000579,142788,
predict,0.000581,142850,
predict,0.000595,142912,
predict,0.000657,142974,
predict,0.000647,143036,
predict,0.000652,143098,
predict,0.000668,143160,
predict,0.000659,143222,
predict,0.000665,143284,
predict,0.000586,143346,
predict,0.000567,143408,
predict,0.000563,143470,
predict,0.000562,144152,
predict,0.000572,144214,
predict,0.000567,144276,
predict,0.000573,144338,
predict,0.000537,144400,
predict,0.000631,144462,
predict,0.000579,144524,
predict,0.000577,144586,
predict,0.000544,144648,
predict,0.000562,144710,
predict,0.000563,144772,
predict,0.000563,144834,
predict,0.000562,144896,
predict,0.000556,144958,
predict,0.000584,145020,
predict,0.00056,145082,
predict,0.00056,145144,
predict,0.000582,145206,
predict,0.000555,145268,
predict,0.000558,145330,
predict,0.000573,145392,
predict,0.000577,145454,
predict,0.00058,145516,
predict,0.000571,145578,
predict,0.000703,145640,
predict,0.000633,145702,
predict,0.000608,145764,
predict,0.000577,145826,
predict,0.000568,145888,
predict,0.000542,145950,
predict,0.000545,146012,
predict,0.000556,146074,
predict,0.00055,146756,
predict,0.000558,146818,
predict,0.000578,146880,
predict,0.000621,146942,
predict,0.000583,147004,
predict,0.00061,147066,
predict,0.000572,147128,
predict,0.000591,147190,
predict,0.000582,147252,
predict,0.000614,147314,
predict,0.000584,147376,
predict,0.000592,147438,
predict,0.000583,147500,
predict,0.000575,147562,
predict,0.000566,147624,
predict,0.000571,147686,
predict,0.000566,147748,
predict,0.000574,147810,
predict,0.000563,147872,
predict,0.000572,147934,
predict,0.000583,147996,
predict,0.000556,148058,
predict,0.000566,148120,
predict,0.000555,148182,
predict,0.000555,148244,
predict,0.000614,148306,
predict,0.000558,148368,
predict,0.000554,148430,
predict,0.000615,148492,
predict,0.000559,148554,
predict,0.000567,148616,
predict,0.000557,148678,
fit_block,0.797726,,7
