session,subject,has_nirs,hyb_min_f1,hyb_recall,hyb_f1_1,hyb_f1_2,hyb_f1_3,hyb_minf1_b2,hyb_recall_b2,hyb_minf1_b3,hyb_recall_b3,hyb_minf1_b4,hyb_recall_b4,hyb_minf1_b5,hyb_recall_b5,hyb_minf1_b6,hyb_recall_b6,hyb_minf1_b7,hyb_recall_b7,hyb_minf1_t1.0,hyb_recall_t1.0,hyb_acc_t1.0,hyb_minf1_t2.5,hyb_recall_t2.5,hyb_acc_t2.5,hyb_minf1_t5.0,hyb_recall_t5.0,hyb_acc_t5.0,eeg_min_f1,eeg_recall,eeg_f1_1,eeg_f1_2,eeg_f1_3,eeg_minf1_b2,eeg_recall_b2,eeg_minf1_b3,eeg_recall_b3,eeg_minf1_b4,eeg_recall_b4,eeg_minf1_b5,eeg_recall_b5,eeg_minf1_b6,eeg_recall_b6,eeg_minf1_b7,eeg_recall_b7,eeg_minf1_t1.0,eeg_recall_t1.0,eeg_acc_t1.0,eeg_minf1_t2.5,eeg_recall_t2.5,eeg_acc_t2.5,eeg_minf1_t5.0,eeg_recall_t5.0,eeg_acc_t5.0,nirs_min_f1,nirs_recall,nirs_f1_1,nirs_f1_2,nirs_f1_3,hyb_auc_rest_im,hyb_auc_lr,hyb_auc_rest_im_t1.0,hyb_auc_lr_t1.0,hyb_auc_rest_im_t2.5,hyb_auc_lr_t2.5,hyb_auc_rest_im_t5.0,hyb_auc_lr_t5.0,eeg_auc_rest_im,eeg_auc_lr,eeg_auc_rest_im_t1.0,eeg_auc_lr_t1.0,eeg_auc_rest_im_t2.5,eeg_auc_lr_t2.5,eeg_auc_rest_im_t5.0,eeg_auc_lr_t5.0,nirs_auc_rest_im,nirs_auc_lr,sess_auc_rest_im,sess_auc_lr,glob_auc_rest_im,glob_auc_lr
2025.12.01.16.04.01_N01,N01,True,0.4153,0.5014,0.5998,0.4432,0.4153,0.0000,0.3333,0.2115,0.3651,0.3506,0.4574,0.2439,0.4494,0.6087,0.6832,0.6242,0.7235,0.4662,0.5534,0.5498,0.4368,0.5183,0.5155,0.3646,0.4713,0.4794,0.4195,0.4820,0.5515,0.4210,0.4195,0.0000,0.3333,0.1880,0.3958,0.3478,0.4547,0.2362,0.4003,0.5946,0.6469,0.5614,0.6641,0.4670,0.5372,0.5361,0.4333,0.5087,0.4907,0.3636,0.4447,0.4407,0.3394,0.4615,0.5982,0.4327,0.3394,0.6785,0.6360,0.6865,0.6573,0.6793,0.6291,0.6756,0.6330,0.6626,0.6151,0.6837,0.6414,0.6648,0.6149,0.6497,0.6092,0.6134,0.6118,0.6574,0.6051,0.5635,0.6674
2025.12.04.13.29.33_N01,N01,True,0.7179,0.7646,0.8374,0.7179,0.7230,0.4884,0.6996,0.5333,0.6354,0.5600,0.6666,0.8194,0.8839,0.8511,0.9023,0.7778,0.7988,0.6154,0.7130,0.7014,0.7265,0.7942,0.8025,0.7050,0.7649,0.7897,0.6816,0.7314,0.7984,0.7042,0.6816,0.2133,0.6228,0.5263,0.6068,0.6242,0.6922,0.7919,0.8428,0.7826,0.8642,0.7480,0.7604,0.6792,0.7153,0.7049,0.7034,0.7588,0.7737,0.6525,0.7202,0.7419,0.4668,0.5953,0.7670,0.4668,0.5441,0.9166,0.8931,0.8142,0.9124,0.9447,0.8847,0.9373,0.8894,0.8828,0.8974,0.8041,0.9439,0.9347,0.8967,0.8786,0.8848,0.8345,0.7142,0.8533,0.8628,0.8758,0.9265
2025.12.08.14.19.05_N02,N02,True,0.3609,0.5561,0.7977,0.3609,0.5249,0.1800,0.4730,0.2963,0.4982,0.2484,0.4342,0.5455,0.6823,0.2800,0.6032,0.5255,0.6485,0.3226,0.5532,0.6389,0.3662,0.5727,0.6486,0.3702,0.5468,0.6285,0.3459,0.5290,0.7632,0.3459,0.4888,0.1731,0.4575,0.2000,0.4335,0.2703,0.4291,0.5556,0.6589,0.2330,0.5670,0.5357,0.6305,0.2927,0.5231,0.6042,0.3679,0.5602,0.6341,0.3508,0.5117,0.5913,0.4329,0.5596,0.7444,0.4329,0.4941,0.8713,0.6290,0.8893,0.5984,0.9079,0.6458,0.8401,0.6246,0.8331,0.6202,0.8411,0.6414,0.8732,0.6315,0.8028,0.5926,0.8111,0.6178,0.7960,0.6106,0.7130,0.5467
2025.12.09.12.52.43_N01,N01,True,0.7179,0.8079,0.8873,0.7179,0.8295,0.6475,0.7510,0.7353,0.8007,0.5620,0.6927,0.8235,0.9077,0.7302,0.8191,0.8033,0.8752,0.5390,0.7303,0.7379,0.7402,0.8239,0.8423,0.7688,0.8269,0.8582,0.7232,0.8018,0.8671,0.7232,0.8149,0.6721,0.7804,0.7050,0.7721,0.5968,0.7031,0.7826,0.8768,0.7121,0.8166,0.7759,0.8596,0.5369,0.6983,0.6897,0.7519,0.8268,0.8361,0.7752,0.8251,0.8531,0.4824,0.5818,0.7627,0.5000,0.4824,0.9612,0.9411,0.8704,0.9763,0.9648,0.9544,0.9781,0.9205,0.9422,0.9427,0.8125,0.9525,0.9516,0.9740,0.9711,0.9206,0.8212,0.6998,0.9232,0.9226,0.9083,0.9048
2025.12.11.12.13.46_N03,N03,True,0.5406,0.6718,0.8145,0.6417,0.5406,0.3673,0.5784,0.5981,0.7765,0.4902,0.6858,0.5833,0.7075,0.4954,0.6095,0.6050,0.6692,0.6099,0.6445,0.6564,0.5281,0.6884,0.7252,0.5094,0.6720,0.7016,0.5361,0.6645,0.8019,0.6327,0.5361,0.4417,0.6173,0.5660,0.7455,0.5192,0.6988,0.5738,0.6972,0.4696,0.5735,0.5950,0.6511,0.5899,0.6196,0.6151,0.5066,0.6662,0.6963,0.5203,0.6807,0.7132,0.3614,0.5018,0.7355,0.4094,0.3614,0.9030,0.8105,0.7652,0.9178,0.9381,0.8193,0.9111,0.7732,0.9026,0.8137,0.7402,0.9098,0.9285,0.7961,0.9263,0.7972,0.7628,0.5508,0.8732,0.7986,0.9274,0.8497
2025.12.11.15.27.59_N02,N02,True,0.4863,0.5945,0.8155,0.5022,0.4863,0.3333,0.4815,0.1818,0.4580,0.4952,0.6071,0.5421,0.7021,0.6000,0.7357,0.3636,0.5809,0.4754,0.6004,0.6907,0.5463,0.6713,0.7382,0.3863,0.5439,0.6265,0.4519,0.5734,0.7949,0.4919,0.4519,0.2913,0.4788,0.1842,0.4268,0.4615,0.5787,0.5179,0.6893,0.5714,0.6895,0.3505,0.5757,0.4444,0.5867,0.6804,0.5100,0.6371,0.7137,0.3544,0.5284,0.6044,0.3872,0.5201,0.7304,0.3872,0.4355,0.8805,0.6715,0.9017,0.6476,0.9299,0.7042,0.8371,0.6589,0.8548,0.6605,0.9172,0.6007,0.8953,0.6808,0.7979,0.6673,0.8085,0.5662,0.8156,0.6417,0.8063,0.5242
2025.12.11.15.43.58_N02,N02,True,0.3622,0.4870,0.7292,0.3696,0.3622,0.1474,0.3888,0.2737,0.4728,0.4536,0.5838,0.3378,0.4891,0.2308,0.5138,0.2742,0.4714,0.4138,0.5381,0.5966,0.3289,0.4628,0.5289,0.3602,0.4830,0.5495,0.3390,0.4706,0.7230,0.3390,0.3493,0.0000,0.3969,0.2400,0.4240,0.4400,0.5633,0.3151,0.4712,0.2222,0.4958,0.2764,0.4714,0.3724,0.5195,0.5862,0.3049,0.4518,0.5186,0.3077,0.4641,0.5315,0.4478,0.5671,0.7517,0.4478,0.4904,0.7996,0.5171,0.8046,0.5116,0.7957,0.4723,0.8012,0.5497,0.7800,0.4855,0.7711,0.4925,0.7652,0.4734,0.7928,0.4953,0.7739,0.5899,0.7553,0.4860,0.7929,0.4886
2025.12.15.12.52.57_N03,N03,True,0.3310,0.5806,0.7928,0.5835,0.3310,0.0671,0.3274,0.3810,0.6446,0.4554,0.6788,0.1895,0.5585,0.3780,0.5885,0.5538,0.6848,0.3692,0.5753,0.6082,0.4576,0.6282,0.6639,0.2287,0.5528,0.6103,0.3484,0.5862,0.7815,0.5885,0.3484,0.1633,0.4332,0.4037,0.6473,0.4752,0.6686,0.1856,0.5197,0.3636,0.5859,0.5191,0.6616,0.4179,0.5778,0.6014,0.4596,0.6297,0.6598,0.2433,0.5622,0.6129,0.2685,0.4361,0.6620,0.3760,0.2685,0.8739,0.5962,0.8407,0.6909,0.8935,0.5738,0.8706,0.5798,0.8651,0.6259,0.8550,0.6952,0.8879,0.6476,0.8538,0.5982,0.7161,0.4202,0.8305,0.5955,0.8906,0.8199
2025.12.15.13.16.37_N03,N03,True,0.4980,0.6415,0.8230,0.6129,0.4980,0.5225,0.6251,0.2041,0.5495,0.2157,0.5590,0.6250,0.7158,0.5244,0.6462,0.6726,0.7528,0.3333,0.4898,0.5552,0.4444,0.6216,0.6860,0.5903,0.7109,0.7490,0.4613,0.6186,0.8067,0.5979,0.4613,0.4762,0.6017,0.2020,0.5495,0.1942,0.5435,0.5606,0.6772,0.4969,0.5998,0.6842,0.7397,0.3165,0.4644,0.5241,0.4058,0.6051,0.6715,0.5538,0.6850,0.7323,0.3777,0.5108,0.7109,0.4326,0.3777,0.8906,0.7263,0.7768,0.5834,0.9024,0.6244,0.9218,0.8282,0.8729,0.7241,0.7547,0.5737,0.8815,0.6143,0.9097,0.8320,0.7869,0.5301,0.8431,0.6889,0.9046,0.8408
2025.12.18.12.09.22_N03,N03,False,0.5465,0.6903,0.9103,0.6106,0.5465,0.5474,0.7286,0.5263,0.7148,0.5512,0.7126,0.4688,0.6225,0.5778,0.7131,0.4202,0.6494,0.5734,0.6898,0.7431,0.4020,0.6394,0.7125,0.6150,0.7220,0.7668,0.5465,0.6903,0.9103,0.6106,0.5465,0.5474,0.7286,0.5263,0.7148,0.5512,0.7126,0.4688,0.6225,0.5778,0.7131,0.4202,0.6494,0.5734,0.6898,0.7431,0.4020,0.6394,0.7125,0.6150,0.7220,0.7668,,,,,,0.9716,0.7025,0.9765,0.6489,0.9773,0.6112,0.9659,0.7804,0.9716,0.7025,0.9765,0.6489,0.9773,0.6112,0.9659,0.7804,,,0.9636,0.6965,0.9316,0.7060
2025.12.18.15.02.14_N02,N02,False,0.3550,0.4814,0.7246,0.3550,0.3653,0.1867,0.4026,0.2264,0.4283,0.4124,0.5848,0.2737,0.5599,0.3810,0.5273,0.1197,0.3837,0.3621,0.5327,0.6164,0.2412,0.3971,0.4855,0.3826,0.5157,0.5725,0.3550,0.4814,0.7246,0.3550,0.3653,0.1867,0.4026,0.2264,0.4283,0.4124,0.5848,0.2737,0.5599,0.3810,0.5273,0.1197,0.3837,0.3621,0.5327,0.6164,0.2412,0.3971,0.4855,0.3826,0.5157,0.5725,,,,,,0.7637,0.5029,0.7315,0.5818,0.7138,0.4078,0.8172,0.5455,0.7637,0.5029,0.7315,0.5818,0.7138,0.4078,0.8172,0.5455,,,0.7405,0.5080,0.5931,0.5385
2026.01.14.13.55.34_N06,N06,True,0.3717,0.5912,0.8602,0.3717,0.5374,0.0674,0.5492,0.4493,0.5942,0.2118,0.5878,0.2712,0.5780,0.1205,0.5794,0.4960,0.6619,0.3688,0.5887,0.6793,0.4000,0.6233,0.6988,0.3554,0.5717,0.6593,0.3453,0.5481,0.8230,0.3453,0.4767,0.4000,0.5981,0.2955,0.4517,0.3125,0.5248,0.2114,0.4802,0.2653,0.5922,0.4590,0.6413,0.3576,0.5518,0.6379,0.3258,0.5605,0.6414,0.3523,0.5389,0.6244,0.3611,0.5652,0.7418,0.3611,0.5755,0.9125,0.5590,0.9642,0.4450,0.9424,0.6324,0.8686,0.5589,0.8968,0.5274,0.9570,0.3872,0.9146,0.5694,0.8603,0.5585,0.7756,0.5770,0.8726,0.5266,0.9086,0.5292
2026.01.15.14.53.23_N06,N06,True,0.4607,0.6120,0.8488,0.4607,0.5246,0.3409,0.5939,0.4643,0.5425,0.3738,0.5818,0.3030,0.6203,0.3818,0.6555,0.4048,0.6777,0.5890,0.6856,0.7232,0.5089,0.6347,0.7042,0.3353,0.5709,0.6385,0.3970,0.5242,0.7154,0.3970,0.4594,0.1538,0.3729,0.3421,0.4338,0.3297,0.5096,0.3564,0.5840,0.3279,0.5760,0.4348,0.6675,0.4545,0.5770,0.6159,0.4846,0.5958,0.6458,0.2974,0.4607,0.5064,0.4116,0.5754,0.8163,0.4116,0.4896,0.8991,0.6669,0.8776,0.8029,0.9130,0.7241,0.8985,0.5772,0.7864,0.6362,0.8195,0.6705,0.8507,0.6887,0.7308,0.5801,0.8951,0.5814,0.7316,0.6458,0.8605,0.4191
2026.01.15.15.05.38_N06,N06,True,0.4178,0.5608,0.8147,0.4508,0.4178,0.2945,0.4635,0.4808,0.6237,0.2642,0.5649,0.5833,0.6172,0.2807,0.5796,0.2261,0.5177,0.4054,0.5518,0.6103,0.3290,0.5266,0.6133,0.4106,0.5852,0.6517,0.3676,0.4980,0.7106,0.3676,0.4177,0.1491,0.3808,0.2632,0.4822,0.2642,0.5133,0.5161,0.5443,0.2564,0.5485,0.2564,0.5202,0.4414,0.5840,0.6448,0.2709,0.4601,0.5301,0.4020,0.4892,0.5321,0.3175,0.4752,0.7234,0.3175,0.3840,0.8646,0.5433,0.8333,0.5118,0.8845,0.4403,0.8630,0.6136,0.7724,0.5482,0.8465,0.5860,0.8142,0.4791,0.7085,0.5812,0.8264,0.4477,0.7349,0.5268,0.8017,0.6428
2026.01.16.13.40.51_N06,N06,True,0.4965,0.6516,0.8843,0.4965,0.5785,0.4672,0.6439,0.5000,0.6694,0.3651,0.6016,0.4643,0.6352,0.5424,0.6589,0.6552,0.6999,0.6232,0.7099,0.7629,0.4465,0.6379,0.7012,0.4735,0.6383,0.7123,0.4284,0.5758,0.8134,0.4284,0.4918,0.2558,0.5393,0.3419,0.5811,0.2985,0.5062,0.4348,0.6067,0.4655,0.6046,0.5263,0.6150,0.6176,0.7099,0.7663,0.4036,0.5950,0.6598,0.3585,0.5136,0.5961,0.5259,0.6553,0.8547,0.5259,0.5845,0.9409,0.6717,0.9453,0.7729,0.9233,0.6893,0.9493,0.6224,0.8695,0.6026,0.9506,0.7658,0.8792,0.6293,0.8246,0.5177,0.8852,0.6403,0.8486,0.5822,0.8816,0.6871
2026.01.20.13.28.05_N08,N08,True,0.4346,0.6000,0.8423,0.4346,0.5208,0.6667,0.7988,0.4553,0.5968,0.3898,0.6259,0.0196,0.4353,0.2895,0.4651,0.5469,0.6766,0.3731,0.5352,0.6021,0.4819,0.6442,0.6990,0.3663,0.5959,0.6559,0.4006,0.5225,0.7602,0.4075,0.4006,0.1842,0.4359,0.5310,0.6302,0.3667,0.6002,0.0421,0.4431,0.2278,0.3980,0.5124,0.6252,0.2333,0.4890,0.5606,0.3470,0.5378,0.5918,0.3557,0.5248,0.5902,0.3812,0.5549,0.7961,0.3812,0.4763,0.9059,0.5685,0.9093,0.4385,0.9433,0.5898,0.8789,0.5957,0.8280,0.5201,0.8400,0.3812,0.8553,0.5389,0.8056,0.5591,0.8700,0.5611,0.7876,0.5261,0.7830,0.6036
2026.01.21.13.29.25_N09,N09,True,0.3628,0.5305,0.8292,0.3628,0.3899,0.1892,0.4249,0.1429,0.4526,0.4754,0.6048,0.3387,0.5422,0.3178,0.5961,0.2703,0.5614,0.2321,0.4482,0.5724,0.4737,0.5965,0.6784,0.3245,0.5196,0.6219,0.3954,0.5403,0.8235,0.3954,0.3982,0.1690,0.4550,0.2286,0.4678,0.4667,0.6073,0.3548,0.5525,0.3670,0.6065,0.3036,0.5511,0.2617,0.4688,0.5862,0.4390,0.5961,0.6763,0.3412,0.5316,0.6297,0.3180,0.4784,0.7364,0.3180,0.3783,0.9000,0.4861,0.8436,0.4562,0.9200,0.6605,0.9112,0.3891,0.8914,0.5079,0.8355,0.4699,0.9030,0.6652,0.9087,0.4269,0.7838,0.4349,0.8438,0.5106,0.9314,0.4975
2026.01.21.15.25.36_N10,N10,True,0.3333,0.4583,0.6862,0.3333,0.3538,0.1690,0.3875,0.2727,0.4535,0.3529,0.5407,0.2323,0.3602,0.4000,0.5176,0.1443,0.4926,0.2857,0.4197,0.4879,0.3030,0.4505,0.5236,0.3704,0.4777,0.5477,0.2917,0.4377,0.6498,0.2917,0.3648,0.1111,0.3851,0.3333,0.4582,0.3137,0.4867,0.2545,0.3496,0.3301,0.4816,0.1649,0.4667,0.3419,0.4683,0.5260,0.2747,0.4395,0.5113,0.2831,0.4253,0.4948,0.3077,0.4248,0.6394,0.3284,0.3077,0.7173,0.5286,0.7644,0.4635,0.7367,0.5596,0.6870,0.5326,0.6615,0.5339,0.7609,0.4904,0.6730,0.5576,0.6155,0.5284,0.7220,0.4686,0.6248,0.5290,0.6972,0.6451
2026.01.22.14.36.16_N09,N09,True,0.4378,0.5708,0.8371,0.4378,0.4393,0.1782,0.4182,0.3238,0.5405,0.6496,0.7472,0.4762,0.6278,0.4427,0.5816,0.2344,0.5124,0.4553,0.5951,0.6817,0.3628,0.5942,0.6749,0.3747,0.5477,0.6183,0.4388,0.5777,0.8436,0.4388,0.4529,0.2000,0.4414,0.3238,0.5457,0.6435,0.7212,0.4882,0.6331,0.4511,0.5945,0.2698,0.5330,0.4677,0.5998,0.6851,0.4000,0.6134,0.6894,0.3823,0.5476,0.6208,0.2722,0.3345,0.4262,0.2870,0.2722,0.9048,0.5334,0.9202,0.5207,0.9429,0.5368,0.8738,0.5357,0.9133,0.5266,0.9464,0.5261,0.9454,0.5419,0.8788,0.5129,0.5150,0.5004,0.8765,0.5188,0.9038,0.5429
2026.01.22.14.47.19_N09,N09,True,0.3756,0.5381,0.8275,0.3756,0.4107,0.3301,0.5125,0.3140,0.5297,0.3208,0.5808,0.2321,0.5123,0.3636,0.5976,0.2879,0.4944,0.3281,0.5694,0.6597,0.3578,0.5481,0.6418,0.3815,0.5203,0.5815,0.3844,0.5450,0.8325,0.3844,0.4178,0.3269,0.5202,0.3471,0.5348,0.3107,0.5885,0.2807,0.5276,0.3390,0.5874,0.3053,0.5098,0.3721,0.5833,0.6701,0.3442,0.5440,0.6398,0.4000,0.5314,0.5931,0.2378,0.3475,0.5035,0.2378,0.3005,0.9133,0.5142,0.9695,0.4772,0.9502,0.4853,0.8684,0.5402,0.9165,0.5138,0.9692,0.4705,0.9537,0.4905,0.8733,0.5365,0.5450,0.5039,0.8885,0.5085,0.9359,0.5881
2026.01.26.14.45.18_N09,N09,True,0.4203,0.6016,0.8509,0.5272,0.4203,0.3529,0.4963,0.2783,0.5300,0.5263,0.6693,0.4074,0.6380,0.4000,0.6709,0.3729,0.6071,0.4308,0.6726,0.7301,0.4000,0.6207,0.6846,0.4286,0.5632,0.6189,0.4174,0.6054,0.8642,0.5261,0.4174,0.3178,0.5088,0.3130,0.5585,0.5357,0.6667,0.3619,0.6224,0.3761,0.6554,0.3898,0.6225,0.3559,0.6494,0.7163,0.4054,0.6193,0.6846,0.4439,0.5804,0.6408,0.3149,0.4073,0.5602,0.3389,0.3149,0.9179,0.5822,0.9737,0.7055,0.9563,0.6116,0.8683,0.5230,0.9374,0.5870,0.9699,0.6499,0.9656,0.6029,0.9045,0.5640,0.6296,0.4682,0.9179,0.5700,0.9037,0.5407
2026.01.26.16.37.52_N08,N08,True,0.4813,0.6301,0.8664,0.4813,0.5519,0.1684,0.5801,0.5347,0.7397,0.0741,0.4349,0.6565,0.7331,0.3925,0.6564,0.4600,0.6368,0.4762,0.6138,0.7103,0.5088,0.6802,0.7490,0.4661,0.6045,0.6693,0.4515,0.5835,0.8334,0.4515,0.4725,0.3023,0.5719,0.5510,0.7502,0.0784,0.4141,0.5574,0.6664,0.2523,0.5461,0.3696,0.5542,0.4333,0.5818,0.6759,0.4685,0.6351,0.7119,0.4119,0.5516,0.6278,0.5368,0.6619,0.8749,0.5368,0.5718,0.9262,0.6430,0.9552,0.5738,0.9523,0.6371,0.8981,0.6718,0.8975,0.6122,0.9451,0.5563,0.9245,0.6430,0.8568,0.6127,0.9182,0.6331,0.8719,0.6117,0.8907,0.5311
2026.01.26.16.49.30_N08,N08,True,0.4310,0.5684,0.8165,0.4549,0.4310,0.0000,0.3996,0.4906,0.6324,0.2368,0.6030,0.4894,0.6979,0.4040,0.4929,0.3762,0.5875,0.4242,0.6182,0.6976,0.4454,0.5961,0.6439,0.3720,0.5319,0.5925,0.4050,0.5408,0.7726,0.4396,0.4050,0.0000,0.4482,0.4272,0.5960,0.1892,0.5719,0.3830,0.6120,0.3840,0.4494,0.3434,0.5696,0.3910,0.6272,0.7010,0.3628,0.5575,0.6046,0.3536,0.4974,0.5459,0.2861,0.4964,0.7895,0.2861,0.4163,0.8903,0.5349,0.9686,0.5972,0.9346,0.5205,0.8331,0.5187,0.8507,0.5639,0.9715,0.6187,0.9093,0.5200,0.7613,0.5716,0.8599,0.4273,0.8349,0.5504,0.8437,0.6272
2026.01.28.13.14.05_N11,N11,True,0.5642,0.6561,0.8361,0.5642,0.5653,0.4952,0.5769,0.4878,0.6175,0.5042,0.6486,0.2783,0.5804,0.6833,0.7948,0.5965,0.7187,0.5802,0.6593,0.6847,0.5296,0.6471,0.7066,0.5643,0.6607,0.6991,0.5035,0.6063,0.7974,0.5035,0.5168,0.3832,0.5218,0.4870,0.6040,0.3622,0.5300,0.3684,0.5935,0.6218,0.7383,0.5043,0.6490,0.4960,0.6338,0.6780,0.4773,0.6140,0.6612,0.4869,0.5906,0.6355,0.4258,0.5618,0.7911,0.4258,0.4615,0.8972,0.7046,0.8701,0.7704,0.9024,0.6883,0.8995,0.6915,0.8840,0.6755,0.9036,0.7567,0.8955,0.6031,0.8688,0.6856,0.8385,0.5775,0.8395,0.6429,0.9182,0.7702
2026.02.02.13.15.04_N11,N11,True,0.5846,0.6996,0.8969,0.6239,0.5846,0.5481,0.6722,0.6535,0.7451,0.4242,0.6717,0.5088,0.6767,0.5405,0.7051,0.5773,0.7292,0.4355,0.5857,0.6609,0.6406,0.7286,0.7823,0.6030,0.7238,0.7755,0.5038,0.6471,0.8571,0.5789,0.5038,0.5766,0.6960,0.5051,0.6554,0.3922,0.6562,0.3962,0.6068,0.3462,0.6076,0.5253,0.6641,0.4677,0.6201,0.6886,0.5498,0.6684,0.7269,0.4878,0.6438,0.6994,0.5512,0.6645,0.8554,0.5827,0.5512,0.9667,0.7409,0.9257,0.5249,0.9839,0.7536,0.9697,0.8134,0.9308,0.7126,0.9564,0.5824,0.9524,0.7231,0.9074,0.7498,0.9042,0.6891,0.9029,0.7085,0.9532,0.6991
2026.02.02.13.27.56_N11,N11,True,0.5859,0.6956,0.8836,0.6350,0.5859,0.2651,0.6598,0.0000,0.6254,0.6545,0.7720,0.6179,0.7587,0.6607,0.7140,0.5361,0.6457,0.5185,0.6741,0.7388,0.6833,0.7644,0.8161,0.4742,0.6605,0.7268,0.5411,0.6727,0.8599,0.6279,0.5411,0.4870,0.6442,0.0000,0.6100,0.6379,0.7490,0.6179,0.7484,0.5802,0.6675,0.4565,0.6171,0.4706,0.6441,0.7148,0.7059,0.7753,0.8140,0.3556,0.6191,0.6920,0.3841,0.6018,0.8634,0.3841,0.5511,0.9596,0.7484,0.9421,0.7407,0.9847,0.7773,0.9465,0.7295,0.9427,0.7573,0.9295,0.7803,0.9771,0.8278,0.9214,0.6971,0.9290,0.5726,0.9193,0.7229,0.9681,0.8301
2026.02.09.13.04.04_N10,N10,True,0.3927,0.5258,0.7222,0.4816,0.3927,0.1013,0.3856,0.2708,0.5495,0.1010,0.4101,0.5827,0.6330,0.3636,0.5277,0.5860,0.6483,0.4746,0.5532,0.6319,0.3814,0.5379,0.6100,0.3708,0.5081,0.5797,0.3737,0.5004,0.6900,0.4563,0.3737,0.1067,0.3675,0.2292,0.5443,0.1290,0.4307,0.4731,0.5508,0.2796,0.4840,0.5714,0.6250,0.4194,0.5347,0.6007,0.3365,0.4992,0.5768,0.3459,0.4883,0.5591,0.3253,0.4358,0.6467,0.3253,0.3350,0.7492,0.6842,0.7384,0.7215,0.8191,0.6609,0.7102,0.6999,0.7090,0.6937,0.7355,0.6881,0.7881,0.6652,0.6495,0.7247,0.7348,0.4669,0.6805,0.6784,0.6691,0.5582
2026.02.09.13.17.04_N10,N10,True,0.3954,0.5246,0.7549,0.3954,0.4222,0.2679,0.4851,0.3158,0.4366,0.3390,0.5277,0.2062,0.4764,0.4138,0.5637,0.5440,0.6609,0.4000,0.5324,0.5938,0.3137,0.4847,0.5792,0.4401,0.5460,0.5851,0.3639,0.4941,0.7142,0.3639,0.4014,0.2576,0.4176,0.2381,0.4130,0.2783,0.4838,0.2062,0.4790,0.4237,0.5429,0.5424,0.6298,0.4138,0.5440,0.5903,0.2871,0.4667,0.5604,0.3641,0.4923,0.5288,0.3469,0.5026,0.7471,0.3469,0.4076,0.8264,0.5984,0.8636,0.5831,0.8709,0.4870,0.7858,0.6669,0.7744,0.5852,0.8426,0.5943,0.8275,0.4850,0.7140,0.6446,0.8183,0.5687,0.7403,0.5580,0.7433,0.6724
2026.02.12.12.14.18_N11,N11,True,0.6136,0.7310,0.9353,0.6136,0.6400,0.8413,0.8706,0.5607,0.7331,0.5574,0.7307,0.4576,0.6698,0.4673,0.6722,0.4400,0.7118,0.6294,0.7471,0.8110,0.6584,0.7777,0.8128,0.5813,0.6954,0.7461,0.5301,0.6685,0.9157,0.5301,0.5590,0.0571,0.5193,0.7092,0.8049,0.4545,0.6838,0.4483,0.6516,0.4423,0.6592,0.4158,0.6911,0.5899,0.7289,0.7973,0.5882,0.7447,0.7840,0.4509,0.5975,0.6658,0.4211,0.5363,0.7548,0.4211,0.4311,0.9789,0.7303,0.9955,0.7163,0.9810,0.8103,0.9709,0.6887,0.9705,0.6470,1.0000,0.6518,0.9909,0.7144,0.9382,0.5998,0.7895,0.6164,0.9521,0.6355,0.9712,0.6454
2026.02.12.14.14.43_N13,N13,True,0.5962,0.6666,0.7547,0.5962,0.6282,0.5225,0.6235,0.5833,0.6597,0.5391,0.6486,0.4643,0.6322,0.6341,0.7061,0.6230,0.7313,0.5443,0.6252,0.6186,0.5172,0.6965,0.7169,0.5531,0.6638,0.6809,0.5724,0.6421,0.7338,0.5950,0.5724,0.5147,0.5915,0.5289,0.6471,0.5954,0.6534,0.4220,0.6166,0.5714,0.6467,0.5968,0.6976,0.5125,0.6019,0.5842,0.5145,0.6632,0.6798,0.4888,0.6440,0.6641,0.4649,0.5702,0.7222,0.4649,0.5119,0.8494,0.8362,0.7824,0.8710,0.8824,0.8423,0.8522,0.8260,0.8191,0.8188,0.7338,0.8543,0.8625,0.8365,0.8227,0.8028,0.7916,0.6745,0.7669,0.8204,0.8917,0.5698
2026.02.16.13.43.38_N10,N10,True,0.4180,0.5466,0.7595,0.4180,0.4718,0.0215,0.3361,0.5200,0.6279,0.3902,0.5251,0.2830,0.5801,0.4167,0.5489,0.5243,0.6599,0.5205,0.6188,0.6849,0.4878,0.6034,0.6735,0.3165,0.4836,0.5622,0.3961,0.5423,0.7538,0.3961,0.4824,0.0588,0.3673,0.3656,0.5818,0.3802,0.5382,0.2667,0.5851,0.4174,0.5413,0.5000,0.6391,0.5503,0.6418,0.7021,0.4308,0.5909,0.6674,0.3026,0.4741,0.5492,0.3359,0.4316,0.6126,0.3415,0.3359,0.8155,0.6717,0.9138,0.7150,0.8690,0.7548,0.7384,0.6035,0.8061,0.6732,0.9188,0.6998,0.8601,0.7376,0.7226,0.6269,0.6681,0.5090,0.7711,0.6436,0.7661,0.6293
2026.02.18.13.10.04_N13,N13,True,0.7026,0.7653,0.8437,0.7529,0.7026,0.4578,0.7050,0.6377,0.7233,0.6462,0.7019,0.8421,0.8882,0.6964,0.7526,0.7478,0.8196,0.6014,0.7553,0.7440,0.7266,0.8187,0.8351,0.6232,0.7358,0.7707,0.6775,0.7576,0.8410,0.7533,0.6775,0.4762,0.7304,0.6099,0.7078,0.6406,0.6865,0.8108,0.8597,0.7006,0.7552,0.7130,0.8042,0.6389,0.7620,0.7440,0.7023,0.8105,0.8247,0.5961,0.7228,0.7604,0.3883,0.5600,0.6441,0.3883,0.6104,0.9223,0.9182,0.8682,0.9802,0.9614,0.9405,0.9195,0.8824,0.9145,0.8996,0.8736,0.9845,0.9485,0.9312,0.9112,0.8473,0.7084,0.7206,0.8883,0.8769,0.9379,0.7628
2026.02.18.13.23.07_N13,N13,True,0.7754,0.8182,0.8841,0.7845,0.7754,0.2734,0.5182,0.7531,0.8442,0.7973,0.8429,0.8000,0.8281,0.9449,0.9645,0.8497,0.9100,0.8144,0.8551,0.8345,0.7124,0.7966,0.8144,0.7826,0.8177,0.8405,0.7482,0.7989,0.8860,0.7482,0.7688,0.1031,0.4510,0.7317,0.8288,0.8138,0.8533,0.7759,0.8151,0.9120,0.9468,0.8312,0.8972,0.7816,0.8322,0.8138,0.6791,0.7732,0.8021,0.7772,0.8022,0.8379,0.5510,0.6043,0.5686,0.5510,0.6017,0.9466,0.9402,0.9099,0.9887,0.9510,0.8661,0.9598,0.9618,0.9507,0.9083,0.9253,0.9741,0.9757,0.8336,0.9519,0.9293,0.6500,0.8627,0.9164,0.8514,0.9466,0.8107
2026.02.18.14.51.46_N08,N08,True,0.3745,0.5293,0.8041,0.3745,0.4086,0.2400,0.4492,0.4407,0.5946,0.3929,0.5684,0.4604,0.6072,0.1818,0.4170,0.3919,0.5391,0.3212,0.5116,0.6111,0.4317,0.5974,0.6743,0.2956,0.4932,0.5481,0.3579,0.5197,0.7688,0.3579,0.4286,0.1220,0.4714,0.3802,0.5380,0.4151,0.5607,0.4571,0.6073,0.1667,0.3965,0.4056,0.5443,0.3239,0.5093,0.6042,0.4641,0.5810,0.6494,0.2850,0.4852,0.5302,0.3378,0.4803,0.7592,0.3378,0.3477,0.8690,0.5105,0.8907,0.4589,0.9167,0.6025,0.8424,0.4710,0.8348,0.5315,0.9099,0.4458,0.8770,0.6375,0.7904,0.4966,0.8203,0.3693,0.8097,0.5300,0.8021,0.5778
2026.02.19.13.23.35_N13,N13,True,0.8529,0.8921,0.9456,0.8955,0.8529,0.7652,0.8525,0.8908,0.9307,0.8182,0.8872,0.7719,0.8726,0.7184,0.8516,0.9333,0.9560,0.8082,0.8529,0.8724,0.8678,0.9060,0.9212,0.8459,0.8982,0.9189,0.7240,0.7851,0.9083,0.7389,0.7240,0.3396,0.6006,0.7869,0.8556,0.7500,0.8435,0.6422,0.8104,0.6667,0.8075,0.6723,0.7901,0.6839,0.7654,0.7931,0.6957,0.7800,0.8174,0.7207,0.7956,0.8366,0.8058,0.8636,0.8704,0.8866,0.8058,0.9883,0.9655,0.9743,0.9091,0.9934,0.9721,0.9896,0.9796,0.9702,0.8871,0.9650,0.8472,0.9802,0.8913,0.9689,0.8994,0.9354,0.9806,0.9593,0.8593,0.9329,0.7290
2026.02.20.17.10.45_N14,N14,True,0.3832,0.5206,0.7445,0.4425,0.3832,0.0449,0.3826,0.2000,0.4973,0.4561,0.5573,0.4037,0.5895,0.3680,0.5078,0.3478,0.5894,0.2754,0.4962,0.5724,0.4417,0.5849,0.6432,0.3731,0.4896,0.5665,0.3727,0.4870,0.6884,0.4083,0.3727,0.0000,0.3317,0.0698,0.4406,0.4557,0.5182,0.4202,0.5712,0.3704,0.4870,0.3559,0.5740,0.3022,0.4619,0.5276,0.4032,0.5406,0.5871,0.3344,0.4630,0.5342,0.4552,0.5557,0.7335,0.4552,0.4684,0.8038,0.5798,0.8081,0.5310,0.8882,0.5974,0.7486,0.5843,0.7410,0.5657,0.7163,0.5217,0.8303,0.5668,0.6945,0.5803,0.8126,0.5909,0.6942,0.5443,0.7621,0.5545
2026.02.20.17.25.24_N14,N14,True,0.3368,0.4600,0.6903,0.3533,0.3368,0.1440,0.3050,0.2105,0.3529,0.3273,0.4887,0.4286,0.5992,0.2955,0.4980,0.3853,0.5165,0.2535,0.4106,0.4949,0.3168,0.5276,0.5983,0.2717,0.4370,0.4948,0.3250,0.4453,0.6700,0.3413,0.3250,0.1157,0.3180,0.2345,0.3631,0.3238,0.4680,0.4143,0.5810,0.2637,0.4748,0.3148,0.4674,0.2362,0.4108,0.4915,0.2886,0.5054,0.5797,0.2787,0.4214,0.4728,0.2924,0.3850,0.5682,0.2932,0.2924,0.6981,0.4818,0.7218,0.3711,0.8133,0.4314,0.6106,0.5418,0.6974,0.4695,0.7473,0.3666,0.8073,0.4242,0.6003,0.5210,0.6003,0.4865,0.6526,0.4653,0.7445,0.4177
2026.02.24.16.07.40_N15,N15,True,0.4098,0.5227,0.7342,0.4299,0.4098,0.0811,0.4268,0.1538,0.4208,0.4386,0.5427,0.6767,0.7406,0.2609,0.4737,0.4032,0.5327,0.4211,0.5383,0.5945,0.3192,0.5116,0.5776,0.4088,0.5236,0.5900,0.3590,0.4789,0.6848,0.3944,0.3590,0.0800,0.3721,0.1099,0.3949,0.4220,0.5067,0.6294,0.6916,0.1930,0.3961,0.4094,0.5121,0.3952,0.5016,0.5464,0.3238,0.5033,0.5652,0.3514,0.4551,0.5244,0.3312,0.4965,0.7590,0.4005,0.3312,0.7824,0.5797,0.8065,0.4866,0.8075,0.5536,0.7567,0.6319,0.7110,0.5866,0.7557,0.5374,0.7576,0.5794,0.6615,0.6193,0.8209,0.4928,0.6954,0.5802,0.6330,0.5661
2026.02.27.13.11.59_N15,N15,True,0.3016,0.4897,0.7071,0.4464,0.3016,0.1860,0.3658,0.2734,0.4177,0.0263,0.4353,0.2532,0.6349,0.3830,0.4988,0.4655,0.5911,0.3407,0.5041,0.5759,0.2690,0.4693,0.5485,0.3026,0.4967,0.5603,0.3094,0.4342,0.6403,0.3501,0.3094,0.0000,0.2731,0.3382,0.4799,0.0533,0.3912,0.2963,0.5571,0.3520,0.4680,0.2075,0.4401,0.3382,0.4624,0.5207,0.3320,0.4383,0.5052,0.2667,0.4209,0.4864,0.3708,0.5483,0.7446,0.5281,0.3708,0.7341,0.6935,0.7870,0.5820,0.6901,0.7062,0.7375,0.7273,0.6415,0.6585,0.7181,0.6051,0.6002,0.6854,0.6376,0.6640,0.7969,0.6171,0.6102,0.6594,0.6621,0.4678
2026.02.27.13.24.42_N15,N15,True,0.3877,0.5319,0.7587,0.4571,0.3877,0.3784,0.5763,0.3077,0.4527,0.4082,0.5532,0.2931,0.5193,0.2920,0.5386,0.4314,0.5513,0.3310,0.5100,0.5802,0.3980,0.5533,0.6377,0.3523,0.5266,0.5869,0.3273,0.4528,0.6915,0.3273,0.3379,0.2439,0.4250,0.2353,0.3651,0.2029,0.4467,0.3910,0.5405,0.1515,0.4565,0.3529,0.4841,0.3358,0.4824,0.5597,0.3137,0.4856,0.5714,0.2971,0.4212,0.4826,0.5576,0.6626,0.8249,0.6005,0.5576,0.8384,0.6242,0.8032,0.6233,0.8720,0.5886,0.8371,0.6462,0.7412,0.4991,0.7445,0.5567,0.7846,0.4787,0.7128,0.4959,0.8856,0.7414,0.7136,0.5016,0.6290,0.5393
2026.03.04.12.51.22_N15,N15,True,0.1883,0.4027,0.6913,0.1883,0.2257,0.3125,0.4591,0.0000,0.3701,0.0000,0.3436,0.0000,0.3333,0.2000,0.4359,0.2857,0.4743,0.2449,0.4291,0.5548,0.2194,0.4266,0.5579,0.1233,0.3778,0.5168,0.0670,0.3556,0.6538,0.0670,0.1757,0.0909,0.3438,0.0000,0.3493,0.0000,0.3333,0.0000,0.3333,0.0789,0.3640,0.2133,0.4101,0.0238,0.3544,0.4966,0.1127,0.3868,0.5227,0.0541,0.3366,0.4781,0.3351,0.4808,0.6750,0.3351,0.4255,0.6621,0.5024,0.6459,0.5328,0.7089,0.5403,0.6400,0.4657,0.5548,0.5072,0.6053,0.5831,0.5795,0.5904,0.5233,0.4277,0.7337,0.5739,0.5475,0.5112,0.4352,0.3725
2026.03.10.17.02.53_N16,N16,True,0.3593,0.4744,0.6949,0.3718,0.3593,0.0000,0.3567,0.1765,0.4054,0.2857,0.5202,0.3036,0.4607,0.5479,0.6352,0.3380,0.4658,0.3016,0.4884,0.5729,0.2772,0.4740,0.5473,0.3391,0.4697,0.5302,0.3275,0.4320,0.6362,0.3275,0.3343,0.0000,0.3572,0.1188,0.3485,0.2202,0.4558,0.2500,0.4247,0.5000,0.5759,0.3310,0.4272,0.2540,0.4583,0.5347,0.2475,0.4341,0.5062,0.3278,0.4211,0.4801,0.3408,0.5023,0.7269,0.4308,0.3408,0.7215,0.5306,0.8107,0.4591,0.7533,0.5362,0.6651,0.5593,0.6355,0.5487,0.7588,0.4844,0.6566,0.5498,0.5745,0.5786,0.8301,0.4957,0.6020,0.5351,0.7244,0.6146
2026.03.11.19.32.02_N16,N16,True,0.2602,0.4080,0.6417,0.3101,0.2602,0.1081,0.4214,0.1081,0.3792,0.2131,0.3932,0.2376,0.3688,0.2906,0.4876,0.2542,0.3982,0.2069,0.3940,0.4913,0.2798,0.4407,0.5321,0.2675,0.3928,0.4612,0.2424,0.3692,0.5925,0.2589,0.2424,0.1081,0.4214,0.1282,0.3483,0.1864,0.3724,0.1075,0.2886,0.2787,0.4361,0.2018,0.3492,0.2167,0.4010,0.4913,0.2065,0.3842,0.4783,0.2385,0.3480,0.4083,0.4152,0.5238,0.7157,0.4354,0.4152,0.6375,0.5349,0.6462,0.4593,0.6805,0.4703,0.6050,0.5994,0.5522,0.5391,0.6352,0.4622,0.5836,0.5060,0.4992,0.5822,0.7724,0.5587,0.5433,0.5289,0.5774,0.5473
2026.03.11.19.45.53_N16,N16,True,0.3091,0.4625,0.6940,0.3091,0.3753,0.0779,0.3433,0.1975,0.4139,0.3333,0.4689,0.3411,0.4781,0.3048,0.5389,0.4124,0.5312,0.2881,0.4413,0.5517,0.2604,0.4661,0.5579,0.3413,0.4682,0.5425,0.3186,0.4495,0.6696,0.3186,0.3566,0.2078,0.3688,0.2069,0.4088,0.3368,0.4662,0.3231,0.4626,0.3238,0.4850,0.4242,0.5055,0.2941,0.4297,0.5207,0.2775,0.4495,0.5372,0.3517,0.4571,0.5296,0.3838,0.4742,0.5896,0.3838,0.4211,0.7234,0.5010,0.7199,0.4028,0.7050,0.5184,0.7333,0.5195,0.6942,0.5073,0.7043,0.4547,0.7005,0.5277,0.6859,0.5116,0.6626,0.5623,0.6582,0.4995,0.6640,0.5854
2026.03.12.12.31.02_N16,N16,True,0.2213,0.4162,0.6887,0.3202,0.2213,0.0256,0.3226,0.0190,0.3863,0.3621,0.5133,0.2051,0.3814,0.3810,0.4864,0.2286,0.4071,0.2857,0.4444,0.5451,0.2636,0.4355,0.5186,0.1638,0.3936,0.4846,0.2389,0.4136,0.6678,0.3194,0.2389,0.0225,0.3284,0.0200,0.3657,0.3448,0.5181,0.1789,0.3531,0.4286,0.5146,0.2090,0.4020,0.2560,0.4144,0.5035,0.3163,0.4547,0.5310,0.1662,0.3876,0.4769,0.3218,0.4599,0.6858,0.3218,0.3662,0.7216,0.4702,0.7422,0.4666,0.7535,0.4556,0.6946,0.4772,0.6814,0.4747,0.6667,0.4911,0.7130,0.4693,0.6676,0.4711,0.7486,0.4798,0.6522,0.4698,0.6849,0.5360
2026.03.20.14.54.22_N14,N14,True,0.3380,0.4900,0.7211,0.3380,0.4115,0.2720,0.4535,0.1500,0.4425,0.2667,0.5417,0.4113,0.5001,0.2245,0.4529,0.3387,0.5498,0.2243,0.4511,0.5411,0.4550,0.5783,0.6501,0.2521,0.4488,0.5110,0.3423,0.4753,0.6968,0.3423,0.3884,0.3036,0.4586,0.1481,0.4191,0.2593,0.5339,0.4054,0.4742,0.2222,0.4322,0.3307,0.5343,0.1802,0.4259,0.5137,0.4352,0.5562,0.6190,0.2693,0.4427,0.5071,0.2812,0.4032,0.6482,0.2812,0.2839,0.7677,0.5600,0.7537,0.3973,0.8255,0.6531,0.7373,0.5533,0.7293,0.5841,0.7019,0.4165,0.7800,0.6875,0.7091,0.5691,0.7172,0.3636,0.7091,0.5741,0.6776,0.5474
2026.03.20.15.16.33_N14,N14,True,0.2835,0.4319,0.7045,0.2835,0.3010,0.0000,0.2788,0.1186,0.3954,0.3200,0.4912,0.2720,0.5012,0.2737,0.4959,0.2885,0.4294,0.3036,0.4551,0.5517,0.2913,0.4519,0.5299,0.2435,0.4106,0.4858,0.2791,0.4212,0.6766,0.2791,0.3053,0.0714,0.3506,0.0635,0.3311,0.3259,0.4728,0.2623,0.4909,0.2292,0.4752,0.2692,0.4062,0.2523,0.4342,0.5207,0.2655,0.4121,0.4825,0.2494,0.4217,0.4871,0.3363,0.4423,0.6243,0.3639,0.3363,0.7533,0.4758,0.7609,0.7129,0.7913,0.4577,0.7281,0.4220,0.7303,0.4551,0.7193,0.7080,0.7384,0.4286,0.7328,0.4032,0.6719,0.5788,0.7079,0.4455,0.7073,0.5594
2026.03.23.14.24.35_N17,N17,True,0.5255,0.6087,0.7365,0.5877,0.5255,0.3009,0.4665,0.3519,0.5431,0.2927,0.4510,0.7121,0.7728,0.5210,0.6173,0.6944,0.8014,0.5391,0.5976,0.6540,0.5737,0.6299,0.6728,0.4774,0.5992,0.6346,0.4971,0.5734,0.7232,0.4971,0.5156,0.1053,0.4196,0.3243,0.5172,0.3636,0.4965,0.6212,0.7032,0.4538,0.5655,0.6029,0.7366,0.4144,0.5861,0.6401,0.5487,0.6190,0.6545,0.4270,0.5393,0.5930,0.4518,0.5830,0.7574,0.5372,0.4518,0.7666,0.8008,0.7027,0.9184,0.7550,0.8514,0.7940,0.7176,0.7914,0.7766,0.7836,0.8839,0.8021,0.8219,0.7883,0.7018,0.7273,0.6666,0.7489,0.7448,0.8198,0.7869
2026.03.24.18.00.22_N18,N18,True,0.6504,0.7736,0.9764,0.6884,0.6504,0.6129,0.7555,0.7434,0.8534,0.6154,0.7871,0.7040,0.8047,0.5574,0.7053,0.5192,0.7375,0.7031,0.8259,0.8621,0.5847,0.7346,0.7918,0.6276,0.7789,0.8251,0.5949,0.7412,0.9611,0.6619,0.5949,0.4144,0.6419,0.6491,0.7991,0.6042,0.7948,0.6560,0.7760,0.5517,0.7103,0.5370,0.7270,0.6341,0.7939,0.8345,0.5530,0.7262,0.7897,0.5358,0.7314,0.7850,0.5284,0.6651,0.8934,0.5647,0.5284,0.9968,0.7306,0.9977,0.7941,0.9994,0.6800,0.9946,0.7289,0.9947,0.6973,0.9953,0.7646,0.9989,0.6620,0.9906,0.6857,0.9461,0.6179,0.9878,0.6918,0.9964,0.5643
2026.03.25.12.49.29_N18,N18,True,0.5272,0.6919,0.9526,0.5960,0.5272,0.6387,0.7636,0.4731,0.7454,0.4812,0.6406,0.4860,0.7046,0.3841,0.5403,0.5400,0.7552,0.4397,0.6411,0.7192,0.5244,0.7035,0.7759,0.5622,0.7040,0.7649,0.5084,0.6769,0.9544,0.5678,0.5084,0.7153,0.8022,0.3636,0.6936,0.4341,0.6146,0.4423,0.6839,0.3256,0.5323,0.5294,0.7318,0.4615,0.6459,0.7260,0.5328,0.7022,0.7759,0.5118,0.6729,0.7468,0.4141,0.5994,0.8581,0.4141,0.5157,0.9655,0.6134,0.9718,0.4968,0.9973,0.5878,0.9434,0.6794,0.9926,0.6224,0.9977,0.5130,0.9986,0.6103,0.9869,0.6749,0.8954,0.5356,0.9907,0.6196,0.9674,0.6356
2026.03.25.13.04.32_N18,N18,True,0.5051,0.6842,0.9358,0.5984,0.5051,0.4444,0.6649,0.3137,0.6354,0.6000,0.7198,0.3636,0.5707,0.6763,0.7671,0.5690,0.7462,0.5455,0.7064,0.7405,0.5243,0.7211,0.7759,0.4784,0.6535,0.7261,0.5483,0.6907,0.9228,0.5950,0.5483,0.5263,0.7074,0.3269,0.6224,0.6486,0.7326,0.3853,0.5758,0.6765,0.7724,0.5263,0.7304,0.5778,0.7203,0.7474,0.5577,0.7321,0.7822,0.5114,0.6544,0.7235,0.4083,0.5643,0.7967,0.4805,0.4083,0.9740,0.6743,0.9623,0.7475,0.9918,0.6968,0.9650,0.6251,0.9648,0.7017,0.9580,0.8117,0.9824,0.7388,0.9558,0.6328,0.8456,0.5265,0.9600,0.6730,0.9362,0.7167
2026.03.25.14.35.20_N17,N17,True,0.6584,0.7389,0.8626,0.6881,0.6584,0.5055,0.7383,0.5938,0.7274,0.4202,0.6046,0.5512,0.6953,0.7966,0.8345,0.7671,0.8301,0.7974,0.8460,0.8483,0.6960,0.7951,0.7992,0.5459,0.6633,0.7148,0.6411,0.7157,0.8401,0.6411,0.6467,0.7130,0.8215,0.5152,0.6221,0.4522,0.6072,0.4833,0.6490,0.7321,0.8007,0.7246,0.7918,0.8718,0.9149,0.8966,0.6957,0.7623,0.7500,0.4607,0.6116,0.6710,0.4609,0.5903,0.7724,0.5261,0.4609,0.9346,0.8130,0.9427,0.9907,0.9384,0.8929,0.9311,0.6593,0.9210,0.8060,0.9724,0.9945,0.9160,0.8929,0.9084,0.6258,0.8326,0.5971,0.9082,0.7782,0.8504,0.9179
2026.03.25.14.46.04_N17,N17,True,0.5897,0.6992,0.7864,0.6989,0.5897,0.4342,0.5580,0.4409,0.5965,0.6250,0.7708,0.7143,0.8125,0.6906,0.8195,0.5363,0.6380,0.7024,0.7824,0.7569,0.6214,0.6990,0.6965,0.5137,0.6689,0.7047,0.5764,0.6867,0.7471,0.6981,0.5764,0.4848,0.5834,0.4553,0.5603,0.5872,0.7294,0.6667,0.7635,0.6667,0.8066,0.5862,0.6771,0.6705,0.7662,0.7222,0.6187,0.6936,0.6757,0.4972,0.6536,0.6855,0.3489,0.4810,0.7374,0.3589,0.3489,0.8505,0.8583,0.8336,0.9890,0.8289,0.8838,0.8784,0.7760,0.8322,0.8783,0.8093,0.9882,0.8012,0.8953,0.8672,0.8084,0.8007,0.4164,0.7975,0.8440,0.8564,0.9343
2026.03.26.12.37.48_N18,N18,True,0.4206,0.6151,0.8714,0.4206,0.5459,0.0571,0.4634,0.4340,0.6418,0.3448,0.5768,0.5455,0.6945,0.5512,0.6974,0.4068,0.6181,0.2745,0.6077,0.6837,0.5254,0.6446,0.7175,0.3918,0.5989,0.6714,0.4185,0.5802,0.8286,0.4185,0.4947,0.0000,0.3286,0.3738,0.6004,0.4444,0.6178,0.4895,0.6329,0.5496,0.6793,0.4370,0.6231,0.2857,0.5897,0.6701,0.4673,0.6072,0.6825,0.3898,0.5590,0.6326,0.4987,0.6117,0.8263,0.4987,0.5093,0.9398,0.5935,0.8852,0.6269,0.9692,0.6346,0.9458,0.5488,0.8986,0.6127,0.8780,0.5924,0.9285,0.6350,0.8894,0.6039,0.8921,0.5721,0.8287,0.6091,0.9451,0.7121
2026.03.26.14.21.39_N17,N17,True,0.6859,0.7621,0.8785,0.6970,0.6859,0.7611,0.8387,0.5833,0.6904,0.4861,0.6310,0.7679,0.8637,0.6281,0.7707,0.6885,0.7794,0.8243,0.8719,0.8644,0.7004,0.7761,0.7967,0.6223,0.7111,0.7386,0.6301,0.7155,0.8135,0.6706,0.6301,0.5417,0.7013,0.6127,0.6931,0.5139,0.6239,0.7080,0.8379,0.5538,0.7033,0.6496,0.7355,0.7059,0.7878,0.7729,0.6226,0.7124,0.7137,0.6011,0.6894,0.7178,0.5228,0.6529,0.8288,0.5228,0.6049,0.9546,0.8541,0.9744,0.9474,0.9703,0.8616,0.9355,0.7991,0.9043,0.8268,0.9356,0.9375,0.9014,0.8364,0.8976,0.7667,0.9021,0.6987,0.8798,0.8070,0.8140,0.9108
2026.03.27.16.34.41_N14,N14,True,0.3567,0.4840,0.7124,0.3824,0.3567,0.0000,0.3271,0.2500,0.3825,0.3419,0.5044,0.4079,0.5264,0.4806,0.6096,0.4667,0.5557,0.2923,0.4600,0.5461,0.4206,0.5493,0.6315,0.3246,0.4525,0.4819,0.3429,0.4620,0.6838,0.3589,0.3429,0.0000,0.3878,0.2370,0.3669,0.2710,0.4196,0.3613,0.4825,0.4762,0.6018,0.3761,0.5143,0.2656,0.4396,0.5222,0.4352,0.5493,0.6190,0.2959,0.4162,0.4456,0.2989,0.4948,0.6704,0.4960,0.2989,0.7958,0.4926,0.8237,0.5180,0.8511,0.5517,0.7740,0.4395,0.7549,0.5230,0.7879,0.5270,0.8329,0.5807,0.7194,0.4787,0.7443,0.5110,0.7197,0.4999,0.7208,0.5232
