session,subject,has_nirs,hyb_min_f1,hyb_recall,hyb_f1_1,hyb_f1_2,hyb_f1_3,hyb_minf1_b2,hyb_recall_b2,hyb_minf1_b3,hyb_recall_b3,hyb_minf1_b4,hyb_recall_b4,hyb_minf1_b5,hyb_recall_b5,hyb_minf1_b6,hyb_recall_b6,hyb_minf1_b7,hyb_recall_b7,hyb_minf1_t1.0,hyb_recall_t1.0,hyb_acc_t1.0,hyb_minf1_t2.5,hyb_recall_t2.5,hyb_acc_t2.5,hyb_minf1_t5.0,hyb_recall_t5.0,hyb_acc_t5.0,eeg_min_f1,eeg_recall,eeg_f1_1,eeg_f1_2,eeg_f1_3,eeg_minf1_b2,eeg_recall_b2,eeg_minf1_b3,eeg_recall_b3,eeg_minf1_b4,eeg_recall_b4,eeg_minf1_b5,eeg_recall_b5,eeg_minf1_b6,eeg_recall_b6,eeg_minf1_b7,eeg_recall_b7,eeg_minf1_t1.0,eeg_recall_t1.0,eeg_acc_t1.0,eeg_minf1_t2.5,eeg_recall_t2.5,eeg_acc_t2.5,eeg_minf1_t5.0,eeg_recall_t5.0,eeg_acc_t5.0,hyb_auc_rest_im,hyb_auc_lr,hyb_auc_rest_im_t1.0,hyb_auc_lr_t1.0,hyb_auc_rest_im_t2.5,hyb_auc_lr_t2.5,hyb_auc_rest_im_t5.0,hyb_auc_lr_t5.0,eeg_auc_rest_im,eeg_auc_lr,eeg_auc_rest_im_t1.0,eeg_auc_lr_t1.0,eeg_auc_rest_im_t2.5,eeg_auc_lr_t2.5,eeg_auc_rest_im_t5.0,eeg_auc_lr_t5.0,sess_auc_rest_im,sess_auc_lr
2025.12.01.16.04.01_N01,N01,True,0.3128,0.3744,0.4512,0.3128,0.3207,0.0000,0.2339,0.3387,0.4827,0.0000,0.2184,0.3495,0.5527,0.1266,0.3765,0.1805,0.3831,0.1560,0.3571,0.3230,0.2941,0.3969,0.3892,0.2336,0.3671,0.3737,0.3128,0.3744,0.4512,0.3128,0.3207,0.0000,0.2339,0.3387,0.4827,0.0000,0.2184,0.3495,0.5527,0.1266,0.3765,0.1805,0.3831,0.1560,0.3571,0.3230,0.2941,0.3969,0.3892,0.2336,0.3671,0.3737,0.6233,0.5503,0.4946,0.6497,0.6462,0.5720,0.6475,0.5171,0.6233,0.5503,0.4946,0.6497,0.6462,0.5720,0.6475,0.5171,0.6410,0.5320
2025.12.04.13.29.33_N01,N01,True,0.1766,0.4903,0.6957,0.4764,0.1766,0.0000,0.0901,0.5210,0.7135,0.0000,0.4862,0.1778,0.5719,0.0000,0.5214,0.1067,0.5605,0.2316,0.2431,0.2361,0.1733,0.5288,0.5720,0.1570,0.5577,0.6194,0.1766,0.4903,0.6957,0.4764,0.1766,0.0000,0.0901,0.5210,0.7135,0.0000,0.4862,0.1778,0.5719,0.0000,0.5214,0.1067,0.5605,0.2316,0.2431,0.2361,0.1733,0.5288,0.5720,0.1570,0.5577,0.6194,0.7228,0.5392,0.2683,0.5899,0.7694,0.5628,0.7566,0.5053,0.7228,0.5392,0.2683,0.5899,0.7694,0.5628,0.7566,0.5053,0.7900,0.5167
2025.12.08.14.19.05_N02,N02,True,0.4359,0.5936,0.7345,0.5771,0.4359,0.0000,0.4758,0.0952,0.5210,0.3038,0.6452,0.7080,0.7708,0.3725,0.4934,0.4505,0.6531,0.2593,0.3449,0.3576,0.4902,0.5940,0.6216,0.4637,0.6853,0.7314,0.4359,0.5936,0.7345,0.5771,0.4359,0.0000,0.4758,0.0952,0.5210,0.3038,0.6452,0.7080,0.7708,0.3725,0.4934,0.4505,0.6531,0.2593,0.3449,0.3576,0.4902,0.5940,0.6216,0.4637,0.6853,0.7314,0.8107,0.7170,0.3384,0.6231,0.8376,0.7031,0.9288,0.7762,0.8107,0.7170,0.3384,0.6231,0.8376,0.7031,0.9288,0.7762,0.8397,0.6992
2025.12.09.12.52.43_N01,N01,True,0.3661,0.4312,0.4028,0.3661,0.4406,0.0211,0.3322,0.3086,0.4093,0.0000,0.2969,0.0876,0.3836,0.4356,0.5322,0.4926,0.6334,0.0915,0.2101,0.1862,0.2630,0.4231,0.3610,0.3916,0.5191,0.5000,0.3661,0.4312,0.4028,0.3661,0.4406,0.0211,0.3322,0.3086,0.4093,0.0000,0.2969,0.0876,0.3836,0.4356,0.5322,0.4926,0.6334,0.0915,0.2101,0.1862,0.2630,0.4231,0.3610,0.3916,0.5191,0.5000,0.6412,0.6068,0.2266,0.6084,0.5596,0.6072,0.8348,0.6202,0.6412,0.6068,0.2266,0.6084,0.5596,0.6072,0.8348,0.6202,0.7757,0.5785
2025.12.11.12.13.46_N03,N03,True,0.4418,0.5488,0.6685,0.5123,0.4418,0.1224,0.5136,0.2376,0.5434,0.3368,0.5451,0.4954,0.5450,0.4082,0.5754,0.2931,0.5620,0.1457,0.2222,0.2165,0.4706,0.5398,0.5579,0.5417,0.6771,0.7067,0.4418,0.5488,0.6685,0.5123,0.4418,0.1224,0.5136,0.2376,0.5434,0.3368,0.5451,0.4954,0.5450,0.4082,0.5754,0.2931,0.5620,0.1457,0.2222,0.2165,0.4706,0.5398,0.5579,0.5417,0.6771,0.7067,0.7411,0.6933,0.2312,0.7747,0.6992,0.7011,0.9170,0.6683,0.7411,0.6933,0.2312,0.7747,0.6992,0.7011,0.9170,0.6683,0.8533,0.6226
2025.12.11.15.27.59_N02,N02,True,0.2550,0.4222,0.6040,0.2550,0.4150,0.3359,0.4657,0.0222,0.2727,0.0706,0.4617,0.2378,0.3971,0.2899,0.4989,0.1986,0.4329,0.1889,0.2588,0.2784,0.3046,0.4503,0.4703,0.2476,0.4660,0.5149,0.2550,0.4222,0.6040,0.2550,0.4150,0.3359,0.4657,0.0222,0.2727,0.0706,0.4617,0.2378,0.3971,0.2899,0.4989,0.1986,0.4329,0.1889,0.2588,0.2784,0.3046,0.4503,0.4703,0.2476,0.4660,0.5149,0.7105,0.5712,0.3692,0.5650,0.7111,0.6997,0.8279,0.5089,0.7105,0.5712,0.3692,0.5650,0.7111,0.6997,0.8279,0.5089,0.7558,0.5655
2025.12.11.15.43.58_N02,N02,True,0.3638,0.4676,0.5110,0.3638,0.4733,0.0000,0.4451,0.0682,0.3515,0.4032,0.5735,0.0916,0.3492,0.4275,0.4802,0.5257,0.6068,0.1176,0.2516,0.2276,0.3503,0.4022,0.3946,0.3709,0.5889,0.5779,0.3638,0.4676,0.5110,0.3638,0.4733,0.0000,0.4451,0.0682,0.3515,0.4032,0.5735,0.0916,0.3492,0.4275,0.4802,0.5257,0.6068,0.1176,0.2516,0.2276,0.3503,0.4022,0.3946,0.3709,0.5889,0.5779,0.7012,0.6116,0.2122,0.4857,0.6286,0.5944,0.8905,0.6945,0.7012,0.6116,0.2122,0.4857,0.6286,0.5944,0.8905,0.6945,0.7689,0.6143
2025.12.15.12.52.57_N03,N03,True,0.3059,0.4108,0.5693,0.3453,0.3059,0.0139,0.4334,0.0988,0.2797,0.0000,0.3718,0.3439,0.4710,0.2014,0.4167,0.2991,0.4941,0.1140,0.1859,0.1615,0.2761,0.3679,0.3755,0.3229,0.5221,0.5652,0.3059,0.4108,0.5693,0.3453,0.3059,0.0139,0.4334,0.0988,0.2797,0.0000,0.3718,0.3439,0.4710,0.2014,0.4167,0.2991,0.4941,0.1140,0.1859,0.1615,0.2761,0.3679,0.3755,0.3229,0.5221,0.5652,0.6855,0.4861,0.2509,0.4069,0.6809,0.4138,0.8094,0.5585,0.6855,0.4861,0.2509,0.4069,0.6809,0.4138,0.8094,0.5585,0.8006,0.5237
2025.12.15.13.16.37_N03,N03,True,0.2921,0.4790,0.6220,0.2921,0.4851,0.0000,0.2697,0.1961,0.3341,0.0000,0.4849,0.3265,0.5532,0.3929,0.5334,0.5103,0.6966,0.0629,0.1585,0.1724,0.3368,0.4633,0.4649,0.3671,0.6092,0.6435,0.2921,0.4790,0.6220,0.2921,0.4851,0.0000,0.2697,0.1961,0.3341,0.0000,0.4849,0.3265,0.5532,0.3929,0.5334,0.5103,0.6966,0.0629,0.1585,0.1724,0.3368,0.4633,0.4649,0.3671,0.6092,0.6435,0.7141,0.6806,0.2681,0.6416,0.6911,0.6767,0.8706,0.7377,0.7141,0.6806,0.2681,0.6416,0.6911,0.6767,0.8706,0.7377,0.8291,0.6883
2025.12.18.12.09.22_N03,N03,False,0.4363,0.5470,0.7135,0.4674,0.4363,0.0000,0.5331,0.1985,0.4498,0.2000,0.5193,0.4545,0.6312,0.4295,0.5916,0.1000,0.5525,0.0093,0.1736,0.1319,0.4054,0.5202,0.5298,0.5463,0.7024,0.7423,0.4363,0.5470,0.7135,0.4674,0.4363,0.0000,0.5331,0.1985,0.4498,0.2000,0.5193,0.4545,0.6312,0.4295,0.5916,0.1000,0.5525,0.0093,0.1736,0.1319,0.4054,0.5202,0.5298,0.5463,0.7024,0.7423,0.8451,0.6181,0.1268,0.6046,0.8886,0.5411,0.9825,0.6697,0.8451,0.6181,0.1268,0.6046,0.8886,0.5411,0.9825,0.6697,0.9462,0.5964
2025.12.18.15.02.14_N02,N02,False,0.2514,0.4199,0.6844,0.2514,0.3162,0.0000,0.1670,0.3551,0.5332,0.0000,0.4459,0.0364,0.3150,0.5109,0.6304,0.0444,0.4275,0.0152,0.1785,0.2363,0.2723,0.4371,0.5207,0.3219,0.5007,0.5816,0.2514,0.4199,0.6844,0.2514,0.3162,0.0000,0.1670,0.3551,0.5332,0.0000,0.4459,0.0364,0.3150,0.5109,0.6304,0.0444,0.4275,0.0152,0.1785,0.2363,0.2723,0.4371,0.5207,0.3219,0.5007,0.5816,0.7164,0.4270,0.2074,0.5086,0.7179,0.5200,0.8657,0.3579,0.7164,0.4270,0.2074,0.5086,0.7179,0.5200,0.8657,0.3579,0.8152,0.4378
2026.01.14.13.55.34_N06,N06,True,0.3187,0.4335,0.6381,0.3187,0.3450,0.1636,0.2448,0.2791,0.5207,0.0000,0.4882,0.0000,0.2817,0.0000,0.5610,0.0759,0.5057,0.1988,0.2551,0.2759,0.3065,0.4069,0.4467,0.3678,0.5173,0.5751,0.3187,0.4335,0.6381,0.3187,0.3450,0.1636,0.2448,0.2791,0.5207,0.0000,0.4882,0.0000,0.2817,0.0000,0.5610,0.0759,0.5057,0.1988,0.2551,0.2759,0.3065,0.4069,0.4467,0.3678,0.5173,0.5751,0.6621,0.4845,0.3399,0.4397,0.6290,0.4144,0.7715,0.5524,0.6621,0.4845,0.3399,0.4397,0.6290,0.4144,0.7715,0.5524,0.7225,0.4890
2026.01.15.14.53.23_N06,N06,True,0.2713,0.3478,0.4745,0.2781,0.2713,0.1719,0.4022,0.1333,0.4188,0.3649,0.4705,0.0847,0.3372,0.1146,0.2834,0.1029,0.1743,0.2513,0.3143,0.2907,0.2288,0.3153,0.3250,0.2977,0.3803,0.3859,0.2713,0.3478,0.4745,0.2781,0.2713,0.1719,0.4022,0.1333,0.4188,0.3649,0.4705,0.0847,0.3372,0.1146,0.2834,0.1029,0.1743,0.2513,0.3143,0.2907,0.2288,0.3153,0.3250,0.2977,0.3803,0.3859,0.7293,0.3809,0.4291,0.4051,0.7500,0.3067,0.8026,0.4205,0.7293,0.3809,0.4291,0.4051,0.7500,0.3067,0.8026,0.4205,0.7744,0.4385
2026.01.15.15.05.38_N06,N06,True,0.3095,0.3946,0.4843,0.3095,0.3645,0.1310,0.3362,0.1121,0.2723,0.0000,0.2689,0.2542,0.3802,0.2556,0.4693,0.2533,0.6388,0.2179,0.2596,0.2552,0.2581,0.3744,0.3846,0.3211,0.4572,0.4550,0.3095,0.3946,0.4843,0.3095,0.3645,0.1310,0.3362,0.1121,0.2723,0.0000,0.2689,0.2542,0.3802,0.2556,0.4693,0.2533,0.6388,0.2179,0.2596,0.2552,0.2581,0.3744,0.3846,0.3211,0.4572,0.4550,0.6372,0.4380,0.3845,0.4640,0.6510,0.3975,0.7172,0.4589,0.6372,0.4380,0.3845,0.4640,0.6510,0.3975,0.7172,0.4589,0.7156,0.4267
2026.01.16.13.40.51_N06,N06,True,0.3863,0.4942,0.6093,0.3863,0.4959,0.3657,0.4386,0.1519,0.3237,0.4105,0.5609,0.4372,0.5326,0.4146,0.6171,0.3095,0.4893,0.2018,0.2449,0.2474,0.4127,0.5379,0.5622,0.4293,0.5607,0.5742,0.3863,0.4942,0.6093,0.3863,0.4959,0.3657,0.4386,0.1519,0.3237,0.4105,0.5609,0.4372,0.5326,0.4146,0.6171,0.3095,0.4893,0.2018,0.2449,0.2474,0.4127,0.5379,0.5622,0.4293,0.5607,0.5742,0.7331,0.5373,0.2615,0.4410,0.7615,0.5968,0.8749,0.5424,0.7331,0.5373,0.2615,0.4410,0.7615,0.5968,0.8749,0.5424,0.8229,0.5399
2026.01.20.13.28.05_N08,N08,True,0.4323,0.5281,0.6400,0.4739,0.4323,0.1702,0.4545,0.3830,0.5392,0.6452,0.7133,0.4469,0.5784,0.3333,0.4835,0.0000,0.3994,0.2343,0.2727,0.2526,0.3765,0.5083,0.5093,0.5200,0.6350,0.6418,0.4323,0.5281,0.6400,0.4739,0.4323,0.1702,0.4545,0.3830,0.5392,0.6452,0.7133,0.4469,0.5784,0.3333,0.4835,0.0000,0.3994,0.2343,0.2727,0.2526,0.3765,0.5083,0.5093,0.5200,0.6350,0.6418,0.7643,0.6445,0.2980,0.5469,0.7915,0.6365,0.8887,0.6715,0.7643,0.6445,0.2980,0.5469,0.7915,0.6365,0.8887,0.6715,0.8066,0.5930
2026.01.21.13.29.25_N09,N09,True,0.3722,0.4775,0.5978,0.3722,0.4470,0.0000,0.3333,0.0750,0.3505,0.1915,0.3497,0.4615,0.6220,0.5280,0.6404,0.1237,0.5635,0.1043,0.1582,0.1517,0.3945,0.4869,0.4804,0.4387,0.5910,0.6077,0.3722,0.4775,0.5978,0.3722,0.4470,0.0000,0.3333,0.0750,0.3505,0.1915,0.3497,0.4615,0.6220,0.5280,0.6404,0.1237,0.5635,0.1043,0.1582,0.1517,0.3945,0.4869,0.4804,0.4387,0.5910,0.6077,0.7339,0.5786,0.1956,0.5618,0.6773,0.6534,0.9168,0.5664,0.7339,0.5786,0.1956,0.5618,0.6773,0.6534,0.9168,0.5664,0.8379,0.5645
2026.01.21.15.25.36_N10,N10,True,0.1974,0.3828,0.6147,0.3338,0.1974,0.1343,0.2467,0.1060,0.2904,0.0500,0.4473,0.0000,0.4219,0.0822,0.5228,0.0000,0.3684,0.1277,0.2582,0.3045,0.1642,0.3398,0.3881,0.2507,0.4562,0.5271,0.1974,0.3828,0.6147,0.3338,0.1974,0.1343,0.2467,0.1060,0.2904,0.0500,0.4473,0.0000,0.4219,0.0822,0.5228,0.0000,0.3684,0.1277,0.2582,0.3045,0.1642,0.3398,0.3881,0.2507,0.4562,0.5271,0.6566,0.4342,0.3821,0.4512,0.6323,0.3872,0.7650,0.4677,0.6566,0.4342,0.3821,0.4512,0.6323,0.3872,0.7650,0.4677,0.7039,0.4666
2026.01.22.14.36.16_N09,N09,True,0.2560,0.4505,0.7569,0.2560,0.3407,0.1037,0.3867,0.3711,0.5601,0.1069,0.3433,0.1157,0.3778,0.0000,0.5267,0.0723,0.5068,0.0523,0.1479,0.1453,0.2629,0.5102,0.5694,0.3249,0.5261,0.6157,0.2560,0.4505,0.7569,0.2560,0.3407,0.1037,0.3867,0.3711,0.5601,0.1069,0.3433,0.1157,0.3778,0.0000,0.5267,0.0723,0.5068,0.0523,0.1479,0.1453,0.2629,0.5102,0.5694,0.3249,0.5261,0.6157,0.8577,0.3232,0.1250,0.4134,0.9032,0.3487,0.9967,0.2800,0.8577,0.3232,0.1250,0.4134,0.9032,0.3487,0.9967,0.2800,0.9679,0.3803
2026.01.22.14.47.19_N09,N09,True,0.1910,0.4086,0.7034,0.1910,0.3241,0.0136,0.2374,0.2738,0.3914,0.0652,0.3618,0.2243,0.4420,0.1591,0.4629,0.2381,0.5531,0.0719,0.1111,0.1215,0.2574,0.4706,0.5155,0.1995,0.4802,0.5725,0.1910,0.4086,0.7034,0.1910,0.3241,0.0136,0.2374,0.2738,0.3914,0.0652,0.3618,0.2243,0.4420,0.1591,0.4629,0.2381,0.5531,0.0719,0.1111,0.1215,0.2574,0.4706,0.5155,0.1995,0.4802,0.5725,0.8122,0.2935,0.1526,0.3441,0.8223,0.4038,0.9825,0.2114,0.8122,0.2935,0.1526,0.3441,0.8223,0.4038,0.9825,0.2114,0.9261,0.3294
2026.01.26.14.45.18_N09,N09,True,0.3518,0.4574,0.6584,0.3518,0.3539,0.0204,0.3503,0.1579,0.3456,0.5942,0.6484,0.4933,0.6094,0.2482,0.4419,0.1709,0.3553,0.0267,0.1642,0.1557,0.3554,0.4705,0.4813,0.3739,0.5587,0.6008,0.3518,0.4574,0.6584,0.3518,0.3539,0.0204,0.3503,0.1579,0.3456,0.5942,0.6484,0.4933,0.6094,0.2482,0.4419,0.1709,0.3553,0.0267,0.1642,0.1557,0.3554,0.4705,0.4813,0.3739,0.5587,0.6008,0.7934,0.4119,0.2395,0.3714,0.7648,0.3717,0.9493,0.4612,0.7934,0.4119,0.2395,0.3714,0.7648,0.3717,0.9493,0.4612,0.8917,0.4655
2026.01.26.16.37.52_N08,N08,True,0.2460,0.4173,0.6592,0.2460,0.3303,0.0976,0.3692,0.2105,0.4668,0.4444,0.5703,0.0000,0.3869,0.0000,0.3126,0.0000,0.4013,0.0163,0.1959,0.2345,0.2386,0.4132,0.4959,0.3364,0.5033,0.5875,0.2460,0.4173,0.6592,0.2460,0.3303,0.0976,0.3692,0.2105,0.4668,0.4444,0.5703,0.0000,0.3869,0.0000,0.3126,0.0000,0.4013,0.0163,0.1959,0.2345,0.2386,0.4132,0.4959,0.3364,0.5033,0.5875,0.6963,0.4721,0.2081,0.4975,0.6271,0.4843,0.8982,0.4463,0.6963,0.4721,0.2081,0.4975,0.6271,0.4843,0.8982,0.4463,0.8269,0.4583
2026.01.26.16.49.30_N08,N08,True,0.2451,0.3765,0.2451,0.3476,0.3517,0.0000,0.3128,0.2520,0.4258,0.0746,0.3522,0.2987,0.3984,0.0000,0.3094,0.2550,0.4626,0.1013,0.3678,0.2887,0.1805,0.3596,0.2961,0.3299,0.3903,0.3441,0.2451,0.3765,0.2451,0.3476,0.3517,0.0000,0.3128,0.2520,0.4258,0.0746,0.3522,0.2987,0.3984,0.0000,0.3094,0.2550,0.4626,0.1013,0.3678,0.2887,0.1805,0.3596,0.2961,0.3299,0.3903,0.3441,0.6926,0.5013,0.3509,0.5927,0.6917,0.5237,0.7944,0.4559,0.6926,0.5013,0.3509,0.5927,0.6917,0.5237,0.7944,0.4559,0.7529,0.4936
2026.01.28.13.14.05_N11,N11,True,0.1404,0.3734,0.5714,0.3751,0.1404,0.0678,0.2367,0.1802,0.3356,0.0000,0.5282,0.1356,0.3275,0.2743,0.4063,0.0833,0.4049,0.0694,0.1392,0.1322,0.1784,0.3643,0.3802,0.1402,0.4691,0.5214,0.1404,0.3734,0.5714,0.3751,0.1404,0.0678,0.2367,0.1802,0.3356,0.0000,0.5282,0.1356,0.3275,0.2743,0.4063,0.0833,0.4049,0.0694,0.1392,0.1322,0.1784,0.3643,0.3802,0.1402,0.4691,0.5214,0.7348,0.4228,0.2367,0.3743,0.7355,0.4207,0.8866,0.4385,0.7348,0.4228,0.2367,0.3743,0.7355,0.4207,0.8866,0.4385,0.8109,0.4769
2026.02.02.13.15.04_N11,N11,True,0.2961,0.4269,0.4628,0.4274,0.2961,0.0374,0.3505,0.0000,0.2173,0.3938,0.4652,0.3269,0.5450,0.0602,0.4308,0.2338,0.5547,0.1644,0.2348,0.2076,0.2993,0.4115,0.3799,0.3061,0.5082,0.4955,0.2961,0.4269,0.4628,0.4274,0.2961,0.0374,0.3505,0.0000,0.2173,0.3938,0.4652,0.3269,0.5450,0.0602,0.4308,0.2338,0.5547,0.1644,0.2348,0.2076,0.2993,0.4115,0.3799,0.3061,0.5082,0.4955,0.6202,0.6061,0.2879,0.5388,0.5941,0.5884,0.7550,0.6420,0.6202,0.6061,0.2879,0.5388,0.5941,0.5884,0.7550,0.6420,0.6889,0.5654
2026.02.02.13.27.56_N11,N11,True,0.2589,0.4366,0.6179,0.3981,0.2589,0.4046,0.6383,0.0000,0.4161,0.0992,0.3048,0.2281,0.4457,0.1682,0.5218,0.1752,0.2907,0.1726,0.2595,0.2680,0.2632,0.4222,0.4463,0.2590,0.5115,0.5348,0.2589,0.4366,0.6179,0.3981,0.2589,0.4046,0.6383,0.0000,0.4161,0.0992,0.3048,0.2281,0.4457,0.1682,0.5218,0.1752,0.2907,0.1726,0.2595,0.2680,0.2632,0.4222,0.4463,0.2590,0.5115,0.5348,0.7639,0.4545,0.3709,0.4001,0.7963,0.4396,0.8659,0.4834,0.7639,0.4545,0.3709,0.4001,0.7963,0.4396,0.8659,0.4834,0.7656,0.4972
2026.02.09.13.04.04_N10,N10,True,0.1883,0.4278,0.5815,0.4918,0.1883,0.0000,0.2821,0.3761,0.5781,0.0000,0.5094,0.0000,0.3970,0.0000,0.2821,0.2195,0.5172,0.1869,0.3148,0.3681,0.1584,0.4199,0.4585,0.2065,0.4744,0.5270,0.1883,0.4278,0.5815,0.4918,0.1883,0.0000,0.2821,0.3761,0.5781,0.0000,0.5094,0.0000,0.3970,0.0000,0.2821,0.2195,0.5172,0.1869,0.3148,0.3681,0.1584,0.4199,0.4585,0.2065,0.4744,0.5270,0.6030,0.6930,0.3845,0.5818,0.5747,0.7457,0.6956,0.7187,0.6030,0.6930,0.3845,0.5818,0.5747,0.7457,0.6956,0.7187,0.6596,0.6739
2026.02.09.13.17.04_N10,N10,True,0.3535,0.4551,0.5445,0.3535,0.4213,0.0000,0.2729,0.0000,0.3980,0.0000,0.2817,0.2416,0.5132,0.6379,0.6933,0.2766,0.5745,0.0180,0.2963,0.2986,0.2857,0.4583,0.4708,0.4269,0.5116,0.5186,0.3535,0.4551,0.5445,0.3535,0.4213,0.0000,0.2729,0.0000,0.3980,0.0000,0.2817,0.2416,0.5132,0.6379,0.6933,0.2766,0.5745,0.0180,0.2963,0.2986,0.2857,0.4583,0.4708,0.4269,0.5116,0.5186,0.6837,0.5871,0.3786,0.5042,0.6955,0.5472,0.7757,0.6533,0.6837,0.5871,0.3786,0.5042,0.6955,0.5472,0.7757,0.6533,0.7274,0.6048
2026.02.12.12.14.18_N11,N11,True,0.3318,0.4738,0.5616,0.4776,0.3318,0.0000,0.2760,0.3580,0.5519,0.1728,0.4299,0.0606,0.5232,0.0000,0.5495,0.2824,0.5100,0.2105,0.3212,0.3540,0.3267,0.4682,0.4815,0.3785,0.5346,0.5415,0.3318,0.4738,0.5616,0.4776,0.3318,0.0000,0.2760,0.3580,0.5519,0.1728,0.4299,0.0606,0.5232,0.0000,0.5495,0.2824,0.5100,0.2105,0.3212,0.3540,0.3267,0.4682,0.4815,0.3785,0.5346,0.5415,0.5955,0.6415,0.4006,0.5683,0.5759,0.6356,0.6735,0.6724,0.5955,0.6415,0.4006,0.5683,0.5759,0.6356,0.6735,0.6724,0.6592,0.5996
2026.02.12.14.14.43_N13,N13,True,0.3497,0.4667,0.4201,0.5322,0.3497,0.2564,0.4685,0.3261,0.4513,0.1538,0.5217,0.0746,0.3843,0.4364,0.5448,0.1037,0.4245,0.1429,0.2810,0.2371,0.2701,0.3991,0.3698,0.3965,0.5789,0.5305,0.3497,0.4667,0.4201,0.5322,0.3497,0.2564,0.4685,0.3261,0.4513,0.1538,0.5217,0.0746,0.3843,0.4364,0.5448,0.1037,0.4245,0.1429,0.2810,0.2371,0.2701,0.3991,0.3698,0.3965,0.5789,0.5305,0.6893,0.6215,0.3573,0.5083,0.6657,0.5244,0.8103,0.7150,0.6893,0.6215,0.3573,0.5083,0.6657,0.5244,0.8103,0.7150,0.7783,0.6238
2026.02.16.13.43.38_N10,N10,True,0.3048,0.4105,0.6103,0.3174,0.3048,0.0000,0.3152,0.3684,0.4781,0.3636,0.4296,0.0000,0.3883,0.2593,0.4171,0.3153,0.4333,0.0548,0.2438,0.2705,0.2474,0.4049,0.4743,0.2930,0.4767,0.5233,0.3048,0.4105,0.6103,0.3174,0.3048,0.0000,0.3152,0.3684,0.4781,0.3636,0.4296,0.0000,0.3883,0.2593,0.4171,0.3153,0.4333,0.0548,0.2438,0.2705,0.2474,0.4049,0.4743,0.2930,0.4767,0.5233,0.6348,0.4939,0.3620,0.4707,0.6109,0.5051,0.7418,0.5131,0.6348,0.4939,0.3620,0.4707,0.6109,0.5051,0.7418,0.5131,0.6951,0.5043
2026.02.18.13.10.04_N13,N13,True,0.3698,0.4524,0.3698,0.4518,0.3759,0.0000,0.3566,0.2994,0.4416,0.1429,0.3953,0.3580,0.5023,0.4176,0.5003,0.3804,0.5153,0.0957,0.2607,0.2116,0.2680,0.4512,0.3794,0.4279,0.5259,0.4870,0.3698,0.4524,0.3698,0.4518,0.3759,0.0000,0.3566,0.2994,0.4416,0.1429,0.3953,0.3580,0.5023,0.4176,0.5003,0.3804,0.5153,0.0957,0.2607,0.2116,0.2680,0.4512,0.3794,0.4279,0.5259,0.4870,0.6354,0.6021,0.2362,0.5557,0.5858,0.6143,0.7953,0.6260,0.6354,0.6021,0.2362,0.5557,0.5858,0.6143,0.7953,0.6260,0.7684,0.6118
2026.02.18.13.23.07_N13,N13,True,0.4220,0.5665,0.5200,0.5972,0.4220,0.3926,0.6255,0.0000,0.3411,0.4977,0.6157,0.3095,0.5599,0.2581,0.5778,0.5524,0.6781,0.1475,0.2882,0.2448,0.3745,0.5538,0.4990,0.5149,0.6792,0.6459,0.4220,0.5665,0.5200,0.5972,0.4220,0.3926,0.6255,0.0000,0.3411,0.4977,0.6157,0.3095,0.5599,0.2581,0.5778,0.5524,0.6781,0.1475,0.2882,0.2448,0.3745,0.5538,0.4990,0.5149,0.6792,0.6459,0.7124,0.8448,0.2669,0.6577,0.6960,0.8720,0.8604,0.9106,0.7124,0.8448,0.2669,0.6577,0.6960,0.8720,0.8604,0.9106,0.8088,0.8282
2026.02.18.14.51.46_N08,N08,True,0.2968,0.3774,0.4624,0.2968,0.3369,0.0000,0.3599,0.1778,0.3531,0.0966,0.3390,0.2405,0.4369,0.1474,0.4028,0.0000,0.3750,0.1959,0.2269,0.2118,0.2961,0.3722,0.3527,0.3426,0.4364,0.4480,0.2968,0.3774,0.4624,0.2968,0.3369,0.0000,0.3599,0.1778,0.3531,0.0966,0.3390,0.2405,0.4369,0.1474,0.4028,0.0000,0.3750,0.1959,0.2269,0.2118,0.2961,0.3722,0.3527,0.3426,0.4364,0.4480,0.5999,0.5003,0.3507,0.5002,0.5688,0.4809,0.6898,0.5115,0.5999,0.5003,0.3507,0.5002,0.5688,0.4809,0.6898,0.5115,0.6348,0.4770
2026.02.19.13.23.35_N13,N13,True,0.4423,0.5639,0.6221,0.5450,0.4423,0.0000,0.3182,0.0299,0.3829,0.5556,0.6480,0.6538,0.7087,0.5231,0.6115,0.6093,0.7107,0.0847,0.1376,0.1310,0.4308,0.5664,0.5560,0.5813,0.7215,0.7169,0.4423,0.5639,0.6221,0.5450,0.4423,0.0000,0.3182,0.0299,0.3829,0.5556,0.6480,0.6538,0.7087,0.5231,0.6115,0.6093,0.7107,0.0847,0.1376,0.1310,0.4308,0.5664,0.5560,0.5813,0.7215,0.7169,0.6972,0.7255,0.2043,0.4795,0.7025,0.7375,0.8415,0.7969,0.6972,0.7255,0.2043,0.4795,0.7025,0.7375,0.8415,0.7969,0.8301,0.7636
2026.02.20.17.10.45_N14,N14,True,0.4011,0.4904,0.6430,0.4011,0.4084,0.0000,0.1978,0.4160,0.5954,0.0870,0.3516,0.3710,0.5608,0.4265,0.5781,0.5161,0.6581,0.2267,0.2808,0.2655,0.3289,0.4686,0.5000,0.4722,0.5823,0.6103,0.4011,0.4904,0.6430,0.4011,0.4084,0.0000,0.1978,0.4160,0.5954,0.0870,0.3516,0.3710,0.5608,0.4265,0.5781,0.5161,0.6581,0.2267,0.2808,0.2655,0.3289,0.4686,0.5000,0.4722,0.5823,0.6103,0.7576,0.5715,0.2983,0.5285,0.7933,0.5340,0.8423,0.5992,0.7576,0.5715,0.2983,0.5285,0.7933,0.5340,0.8423,0.5992,0.8229,0.5196
2026.02.20.17.25.24_N14,N14,True,0.3054,0.4701,0.7005,0.3054,0.3896,0.0212,0.1924,0.2941,0.5328,0.7304,0.7468,0.1931,0.3335,0.0233,0.4760,0.1266,0.5413,0.1879,0.2264,0.2253,0.3306,0.4739,0.4969,0.3381,0.5604,0.6101,0.3054,0.4701,0.7005,0.3054,0.3896,0.0212,0.1924,0.2941,0.5328,0.7304,0.7468,0.1931,0.3335,0.0233,0.4760,0.1266,0.5413,0.1879,0.2264,0.2253,0.3306,0.4739,0.4969,0.3381,0.5604,0.6101,0.8284,0.4400,0.3034,0.4577,0.8538,0.4608,0.9650,0.4260,0.8284,0.4400,0.3034,0.4577,0.8538,0.4608,0.9650,0.4260,0.8933,0.4581
2026.02.24.16.07.40_N15,N15,True,0.4500,0.5127,0.5385,0.4500,0.5152,0.2750,0.4801,0.1944,0.4949,0.1961,0.3721,0.4199,0.5729,0.2649,0.5899,0.4677,0.5704,0.1441,0.3411,0.3540,0.4431,0.5252,0.5155,0.4915,0.5692,0.5540,0.4500,0.5127,0.5385,0.4500,0.5152,0.2750,0.4801,0.1944,0.4949,0.1961,0.3721,0.4199,0.5729,0.2649,0.5899,0.4677,0.5704,0.1441,0.3411,0.3540,0.4431,0.5252,0.5155,0.4915,0.5692,0.5540,0.5986,0.7804,0.4598,0.5849,0.6098,0.7389,0.6431,0.8715,0.5986,0.7804,0.4598,0.5849,0.6098,0.7389,0.6431,0.8715,0.6061,0.7420
2026.02.27.13.11.59_N15,N15,True,0.2639,0.4097,0.5741,0.2639,0.3866,0.2234,0.3918,0.0000,0.4271,0.0000,0.4273,0.3958,0.4866,0.2830,0.4604,0.0748,0.2682,0.1548,0.2344,0.2621,0.2891,0.3837,0.4124,0.2928,0.4924,0.5396,0.2639,0.4097,0.5741,0.2639,0.3866,0.2234,0.3918,0.0000,0.4271,0.0000,0.4273,0.3958,0.4866,0.2830,0.4604,0.0748,0.2682,0.1548,0.2344,0.2621,0.2891,0.3837,0.4124,0.2928,0.4924,0.5396,0.5786,0.6060,0.3848,0.5642,0.5404,0.6011,0.6771,0.6259,0.5786,0.6060,0.3848,0.5642,0.5404,0.6011,0.6771,0.6259,0.6085,0.5787
2026.02.27.13.24.42_N15,N15,True,0.3165,0.4676,0.6093,0.4816,0.3165,0.0682,0.3528,0.1728,0.3800,0.0286,0.4488,0.3014,0.4717,0.5248,0.6131,0.3226,0.5397,0.2464,0.3932,0.4505,0.3863,0.4722,0.5135,0.2455,0.4919,0.5354,0.3165,0.4676,0.6093,0.4816,0.3165,0.0682,0.3528,0.1728,0.3800,0.0286,0.4488,0.3014,0.4717,0.5248,0.6131,0.3226,0.5397,0.2464,0.3932,0.4505,0.3863,0.4722,0.5135,0.2455,0.4919,0.5354,0.6175,0.6876,0.4692,0.6008,0.6076,0.6721,0.6691,0.7380,0.6175,0.6876,0.4692,0.6008,0.6076,0.6721,0.6691,0.7380,0.6029,0.6401
2026.03.04.12.51.22_N15,N15,True,0.2097,0.3527,0.5709,0.2844,0.2097,0.1361,0.2551,0.0000,0.2785,0.0000,0.3611,0.3060,0.4324,0.0180,0.2965,0.0000,0.4946,0.0308,0.1764,0.2158,0.1358,0.2923,0.3574,0.2796,0.4570,0.5155,0.2097,0.3527,0.5709,0.2844,0.2097,0.1361,0.2551,0.0000,0.2785,0.0000,0.3611,0.3060,0.4324,0.0180,0.2965,0.0000,0.4946,0.0308,0.1764,0.2158,0.1358,0.2923,0.3574,0.2796,0.4570,0.5155,0.5587,0.4413,0.3237,0.3489,0.5103,0.4349,0.6687,0.4806,0.5587,0.4413,0.3237,0.3489,0.5103,0.4349,0.6687,0.4806,0.6112,0.4423
2026.03.10.17.02.53_N16,N16,True,0.3947,0.5070,0.6429,0.3947,0.4789,0.3000,0.3887,0.3684,0.5642,0.2588,0.6062,0.0000,0.4275,0.3281,0.4533,0.3871,0.5992,0.1633,0.2523,0.2604,0.4170,0.5045,0.5247,0.3989,0.6028,0.6521,0.3947,0.5070,0.6429,0.3947,0.4789,0.3000,0.3887,0.3684,0.5642,0.2588,0.6062,0.0000,0.4275,0.3281,0.4533,0.3871,0.5992,0.1633,0.2523,0.2604,0.4170,0.5045,0.5247,0.3989,0.6028,0.6521,0.6852,0.6825,0.3569,0.5532,0.6807,0.7291,0.7850,0.7109,0.6852,0.6825,0.3569,0.5532,0.6807,0.7291,0.7850,0.7109,0.7006,0.6318
2026.03.11.19.32.02_N16,N16,True,0.2267,0.3822,0.5714,0.2267,0.3250,0.0331,0.1707,0.2769,0.4622,0.0351,0.3411,0.0632,0.3771,0.0000,0.4153,0.3509,0.5239,0.0429,0.1753,0.1972,0.1872,0.3557,0.3789,0.3389,0.4761,0.5233,0.2267,0.3822,0.5714,0.2267,0.3250,0.0331,0.1707,0.2769,0.4622,0.0351,0.3411,0.0632,0.3771,0.0000,0.4153,0.3509,0.5239,0.0429,0.1753,0.1972,0.1872,0.3557,0.3789,0.3389,0.4761,0.5233,0.6178,0.4410,0.2830,0.4232,0.5286,0.4836,0.7595,0.4338,0.6178,0.4410,0.2830,0.4232,0.5286,0.4836,0.7595,0.4338,0.6999,0.4801
2026.03.11.19.45.53_N16,N16,True,0.3383,0.4559,0.6525,0.3383,0.3726,0.3647,0.5143,0.2186,0.3089,0.1918,0.4048,0.1395,0.3283,0.5143,0.6400,0.3252,0.5381,0.1622,0.1907,0.1931,0.2529,0.3856,0.4360,0.4114,0.5985,0.6662,0.3383,0.4559,0.6525,0.3383,0.3726,0.3647,0.5143,0.2186,0.3089,0.1918,0.4048,0.1395,0.3283,0.5143,0.6400,0.3252,0.5381,0.1622,0.1907,0.1931,0.2529,0.3856,0.4360,0.4114,0.5985,0.6662,0.6986,0.5598,0.1644,0.5358,0.6288,0.5005,0.9124,0.6078,0.6986,0.5598,0.1644,0.5358,0.6288,0.5005,0.9124,0.6078,0.8127,0.5903
2026.03.12.12.31.02_N16,N16,True,0.3188,0.4343,0.6522,0.3333,0.3188,0.0000,0.4199,0.0282,0.4166,0.4946,0.5607,0.3659,0.4422,0.0000,0.3073,0.0000,0.4589,0.1224,0.3333,0.4062,0.2568,0.3999,0.4793,0.3733,0.4928,0.5476,0.3188,0.4343,0.6522,0.3333,0.3188,0.0000,0.4199,0.0282,0.4166,0.4946,0.5607,0.3659,0.4422,0.0000,0.3073,0.0000,0.4589,0.1224,0.3333,0.4062,0.2568,0.3999,0.4793,0.3733,0.4928,0.5476,0.6706,0.5861,0.4627,0.5600,0.6421,0.5702,0.7503,0.5916,0.6706,0.5861,0.4627,0.5600,0.6421,0.5702,0.7503,0.5916,0.6416,0.5608
2026.03.20.14.54.22_N14,N14,True,0.2529,0.4055,0.5959,0.3571,0.2529,0.3378,0.4612,0.0000,0.4195,0.0000,0.2344,0.2313,0.3736,0.0000,0.3342,0.5042,0.6066,0.1028,0.1898,0.1610,0.2543,0.4332,0.4493,0.2598,0.4703,0.5045,0.2529,0.4055,0.5959,0.3571,0.2529,0.3378,0.4612,0.0000,0.4195,0.0000,0.2344,0.2313,0.3736,0.0000,0.3342,0.5042,0.6066,0.1028,0.1898,0.1610,0.2543,0.4332,0.4493,0.2598,0.4703,0.5045,0.7822,0.3940,0.2792,0.4277,0.8026,0.4043,0.9052,0.3728,0.7822,0.3940,0.2792,0.4277,0.8026,0.4043,0.9052,0.3728,0.8087,0.4530
2026.03.20.15.16.33_N14,N14,True,0.1055,0.3746,0.6008,0.3480,0.1055,0.0000,0.3540,0.2137,0.4909,0.0000,0.3178,0.1316,0.3847,0.0000,0.2872,0.0000,0.4103,0.0180,0.2454,0.3000,0.0595,0.3495,0.4351,0.1803,0.4387,0.5168,0.1055,0.3746,0.6008,0.3480,0.1055,0.0000,0.3540,0.2137,0.4909,0.0000,0.3178,0.1316,0.3847,0.0000,0.2872,0.0000,0.4103,0.0180,0.2454,0.3000,0.0595,0.3495,0.4351,0.1803,0.4387,0.5168,0.6191,0.5076,0.2839,0.4734,0.5777,0.4890,0.7681,0.5272,0.6191,0.5076,0.2839,0.4734,0.5777,0.4890,0.7681,0.5272,0.7281,0.5000
2026.03.23.14.24.35_N17,N17,True,0.3021,0.4524,0.5842,0.4411,0.3021,0.1401,0.2784,0.2031,0.4654,0.2653,0.4113,0.2553,0.5463,0.3218,0.3899,0.4627,0.6204,0.0863,0.1684,0.1903,0.2478,0.4235,0.4533,0.4069,0.5776,0.5891,0.3021,0.4524,0.5842,0.4411,0.3021,0.1401,0.2784,0.2031,0.4654,0.2653,0.4113,0.2553,0.5463,0.3218,0.3899,0.4627,0.6204,0.0863,0.1684,0.1903,0.2478,0.4235,0.4533,0.4069,0.5776,0.5891,0.6641,0.5867,0.2221,0.4674,0.6087,0.6212,0.8538,0.6321,0.6641,0.5867,0.2221,0.4674,0.6087,0.6212,0.8538,0.6321,0.7973,0.6005
2026.03.24.18.00.22_N18,N18,True,0.4671,0.5923,0.6038,0.6135,0.4671,0.3017,0.5223,0.0930,0.4517,0.2727,0.4595,0.4663,0.6250,0.5472,0.6962,0.7403,0.8008,0.1046,0.2470,0.2069,0.4802,0.6109,0.5711,0.5082,0.7107,0.6930,0.4671,0.5923,0.6038,0.6135,0.4671,0.3017,0.5223,0.0930,0.4517,0.2727,0.4595,0.4663,0.6250,0.5472,0.6962,0.7403,0.8008,0.1046,0.2470,0.2069,0.4802,0.6109,0.5711,0.5082,0.7107,0.6930,0.8181,0.7393,0.1604,0.6054,0.8148,0.7595,0.9874,0.8417,0.8181,0.7393,0.1604,0.6054,0.8148,0.7595,0.9874,0.8417,0.9195,0.7414
2026.03.25.12.49.29_N18,N18,True,0.3490,0.4962,0.6885,0.3490,0.4436,0.2727,0.5509,0.2774,0.4576,0.3206,0.5156,0.1373,0.5167,0.3478,0.4757,0.1798,0.4531,0.1912,0.2144,0.2055,0.3346,0.5147,0.5290,0.4203,0.5913,0.6571,0.3490,0.4962,0.6885,0.3490,0.4436,0.2727,0.5509,0.2774,0.4576,0.3206,0.5156,0.1373,0.5167,0.3478,0.4757,0.1798,0.4531,0.1912,0.2144,0.2055,0.3346,0.5147,0.5290,0.4203,0.5913,0.6571,0.7762,0.5811,0.2076,0.6137,0.7559,0.6110,0.9512,0.5537,0.7762,0.5811,0.2076,0.6137,0.7559,0.6110,0.9512,0.5537,0.8964,0.5490
2026.03.25.13.04.32_N18,N18,True,0.3237,0.4318,0.5761,0.3237,0.3816,0.0909,0.2380,0.0000,0.4505,0.2830,0.5214,0.0000,0.2682,0.4902,0.6390,0.2991,0.4753,0.1455,0.2354,0.2491,0.2846,0.3760,0.3755,0.4218,0.5397,0.5788,0.3237,0.4318,0.5761,0.3237,0.3816,0.0909,0.2380,0.0000,0.4505,0.2830,0.5214,0.0000,0.2682,0.4902,0.6390,0.2991,0.4753,0.1455,0.2354,0.2491,0.2846,0.3760,0.3755,0.4218,0.5397,0.5788,0.6874,0.4973,0.2770,0.4313,0.6217,0.4873,0.8564,0.5238,0.6874,0.4973,0.2770,0.4313,0.6217,0.4873,0.8564,0.5238,0.7861,0.5007
2026.03.25.14.35.20_N17,N17,True,0.3714,0.5117,0.7248,0.3714,0.4214,0.2839,0.4275,0.4699,0.5839,0.1111,0.5798,0.3776,0.5373,0.3200,0.4628,0.3627,0.4772,0.0971,0.1774,0.1862,0.4046,0.5792,0.6086,0.4350,0.5943,0.6542,0.3714,0.5117,0.7248,0.3714,0.4214,0.2839,0.4275,0.4699,0.5839,0.1111,0.5798,0.3776,0.5373,0.3200,0.4628,0.3627,0.4772,0.0971,0.1774,0.1862,0.4046,0.5792,0.6086,0.4350,0.5943,0.6542,0.8375,0.5750,0.1627,0.5434,0.8464,0.6963,0.9891,0.4949,0.8375,0.5750,0.1627,0.5434,0.8464,0.6963,0.9891,0.4949,0.9369,0.5779
2026.03.25.14.46.04_N17,N17,True,0.3120,0.4759,0.6735,0.4308,0.3120,0.1176,0.3983,0.3377,0.5041,0.0577,0.3867,0.1489,0.5356,0.1071,0.4140,0.5079,0.6172,0.2013,0.2431,0.2674,0.3214,0.4644,0.5114,0.3463,0.5693,0.6329,0.3120,0.4759,0.6735,0.4308,0.3120,0.1176,0.3983,0.3377,0.5041,0.0577,0.3867,0.1489,0.5356,0.1071,0.4140,0.5079,0.6172,0.2013,0.2431,0.2674,0.3214,0.4644,0.5114,0.3463,0.5693,0.6329,0.6886,0.5604,0.2646,0.6755,0.6856,0.5563,0.7933,0.5201,0.6886,0.5604,0.2646,0.6755,0.6856,0.5563,0.7933,0.5201,0.7766,0.5407
2026.03.26.12.37.48_N18,N18,True,0.2870,0.4531,0.5439,0.2870,0.5116,0.0000,0.1525,0.2281,0.5546,0.2370,0.3013,0.3308,0.5275,0.4713,0.6475,0.3353,0.5358,0.1605,0.2150,0.2211,0.2746,0.4378,0.4351,0.3262,0.5535,0.5731,0.2870,0.4531,0.5439,0.2870,0.5116,0.0000,0.1525,0.2281,0.5546,0.2370,0.3013,0.3308,0.5275,0.4713,0.6475,0.3353,0.5358,0.1605,0.2150,0.2211,0.2746,0.4378,0.4351,0.3262,0.5535,0.5731,0.6779,0.6093,0.2814,0.5992,0.6552,0.6267,0.8035,0.6471,0.6779,0.6093,0.2814,0.5992,0.6552,0.6267,0.8035,0.6471,0.7458,0.6043
2026.03.26.14.21.39_N17,N17,True,0.3592,0.5451,0.6970,0.5697,0.3592,0.0000,0.2869,0.3214,0.5932,0.3667,0.5095,0.0303,0.5624,0.5636,0.6673,0.5319,0.6491,0.0755,0.1950,0.2441,0.2754,0.5289,0.5913,0.5085,0.6893,0.7451,0.3592,0.5451,0.6970,0.5697,0.3592,0.0000,0.2869,0.3214,0.5932,0.3667,0.5095,0.0303,0.5624,0.5636,0.6673,0.5319,0.6491,0.0755,0.1950,0.2441,0.2754,0.5289,0.5913,0.5085,0.6893,0.7451,0.7103,0.7092,0.1805,0.5759,0.6817,0.7393,0.8802,0.7554,0.7103,0.7092,0.1805,0.5759,0.6817,0.7393,0.8802,0.7554,0.8284,0.7048
2026.03.27.16.34.41_N14,N14,True,0.4415,0.5090,0.4932,0.4849,0.4415,0.0000,0.3373,0.0602,0.4900,0.3879,0.5801,0.3871,0.6001,0.3895,0.4583,0.4689,0.5900,0.1935,0.2455,0.2321,0.4482,0.5031,0.4658,0.5190,0.6131,0.5738,0.4415,0.5090,0.4932,0.4849,0.4415,0.0000,0.3373,0.0602,0.4900,0.3879,0.5801,0.3871,0.6001,0.3895,0.4583,0.4689,0.5900,0.1935,0.2455,0.2321,0.4482,0.5031,0.4658,0.5190,0.6131,0.5738,0.6913,0.7032,0.3839,0.5165,0.6813,0.6942,0.8100,0.7782,0.6913,0.7032,0.3839,0.5165,0.6813,0.6942,0.8100,0.7782,0.7221,0.6833
