эксперимент,конфигурация,F,P,NIRS F,EEG F,балл,ДИ балла,AUC покой/вообр. (ЭЭГ),AUC Л/П (ЭЭГ),оценка,"fit max, с","predict max, с"
E01_b1fix,b1fix,0.4199,0.5497,0.3624,0.4115,52.1202,[47.1; 57.3],0.7625,0.6500,сессионный,0.1539,0.0376
E01_b1fix,b3_default,0.4130,0.5484,0.3238,0.3986,51.0904,[46.2; 56.1],0.7679,0.6488,сессионный,1.4257,0.1118
E01_b1fix,legacy_b1fix,0.4213,0.5506,0.3604,0.4122,52.1994,[47.2; 57.3],,,сессионный,0.3752,0.3054
E01_b1fix,legacy_b1fix_tau0,0.4525,0.5860,0.3898,0.4148,55.5763,[50.4; 60.9],,,сессионный,0.2371,0.1790
E01_b1fix,legacy_emafix_only,0.4191,0.5494,0.3623,0.4122,52.0644,[47.1; 57.2],,,сессионный,0.1616,0.1586
E01_b1fix,legacy_nirsfix_only,0.4740,0.6193,0.3832,0.4576,57.7650,[51.8; 63.7],,,сессионный,0.3022,0.2604
E01_b1fix,mvp_legacy,0.4718,0.6176,0.3828,0.4576,57.5793,[51.8; 63.5],,,сессионный,0.1294,0.2056
E02_conf,conf_fes,0.3172,0.4556,,0.3172,32.7034,[30.6; 34.7],0.7003,0.5617,сессионный,0.0597,0.0592
E02_conf,conf_frontocc,0.3461,0.4792,,0.3461,35.1394,[31.9; 38.4],0.7100,0.5886,сессионный,0.1268,0.0380
E02_conf,conf_heog,0.2955,0.4081,,0.2955,29.9711,[28.0; 31.7],0.5409,0.6348,сессионный,0.1110,0.0380
E03_ablations,b1fix_tau0,0.4528,0.5864,0.3919,0.4144,55.6388,[50.3; 61.0],0.7765,0.6125,сессионный,0.1857,0.0347
E03_ablations,bands_4-100_LEAKDEMO_all17,0.3826,0.5045,0.3631,0.3716,48.5396,[44.6; 52.9],0.7025,0.6017,сессионный,3.7272,0.0574
E03_ablations,bands_4-100_LEAKDEMO_sensorimotor11,0.3788,0.5044,0.3631,0.3637,48.3050,[44.7; 52.2],0.7102,0.5944,сессионный,2.0726,0.0991
E03_ablations,bands_4-30_all17,0.4302,0.5575,0.3631,0.4168,52.9829,[47.9; 58.4],0.7746,0.6585,сессионный,0.3632,0.0946
E03_ablations,bands_4-30_sensorimotor11,0.4239,0.5537,0.3631,0.4063,52.4920,[47.3; 57.8],0.7721,0.6514,сессионный,0.1808,0.0262
E03_ablations,bands_4-40_all17,0.4187,0.5472,0.3631,0.4068,51.9874,[47.2; 56.9],0.7616,0.6504,сессионный,0.9538,0.0960
E03_ablations,bands_4-40_sensorimotor11,0.4001,0.5380,0.3631,0.3874,50.5939,[45.4; 55.9],0.7577,0.6399,сессионный,0.6511,0.0399
E03_ablations,bands_8-30_all17,0.4213,0.5503,0.3631,0.4115,52.2314,[47.3; 57.4],0.7625,0.6500,сессионный,0.3045,0.0790
E03_ablations,bands_8-30_sensorimotor11,0.4121,0.5489,0.3631,0.3999,51.6400,[46.4; 57.0],0.7642,0.6458,сессионный,0.1817,0.1001
E03_ablations,ch_all17,0.4213,0.5503,0.3631,0.4115,52.2314,[47.3; 57.4],0.7625,0.6500,сессионный,1.2173,0.0560
E03_ablations,ch_no_f7f8,0.4195,0.5499,0.3631,0.4070,52.1140,[47.2; 57.3],0.7634,0.6453,сессионный,1.5434,0.0474
E03_ablations,ch_sensorimotor11,0.4121,0.5489,0.3631,0.3999,51.6400,[46.4; 57.0],0.7642,0.6458,сессионный,1.5210,0.0379
E03_ablations,ch_sensorimotor9,0.4118,0.5468,0.3631,0.3901,51.5587,[46.5; 56.9],0.7674,0.6352,сессионный,0.3173,0.0767
E04_riemann,mdm,0.3947,0.5441,0.3630,0.4150,50.4530,[46.8; 54.4],0.8486,0.6289,сессионный,2.9279,0.2904
E04_riemann,ts+mdm,0.4493,0.5872,0.3630,0.4222,55.0194,[50.2; 60.0],0.7962,0.6131,сессионный,3.3321,0.2074
E04_riemann,ts_base,0.4521,0.5850,0.3630,0.4185,55.1226,[50.1; 60.1],0.7849,0.6111,сессионный,2.9279,0.3625
E04_riemann,ts_cov_lw,0.4523,0.5850,0.3630,0.4185,55.1328,[50.1; 60.1],0.7849,0.6111,сессионный,2.4200,0.2676
E04_riemann,ts_lr_C0.01,0.4202,0.5635,0.3630,0.4224,52.5625,[48.6; 56.9],0.8264,0.6289,сессионный,2.0712,0.2799
E04_riemann,ts_lr_C0.1,0.4282,0.5686,0.3630,0.4147,53.1930,[49.1; 57.7],0.8132,0.6240,сессионный,2.5987,0.2870
E04_riemann,ts_lr_C1,0.4282,0.5664,0.3630,0.4098,53.1310,[48.6; 57.8],0.8062,0.6205,сессионный,2.9035,0.3747
E04_riemann,ts_mean_riemann,0.4517,0.5847,0.3630,0.4183,55.0902,[50.0; 60.1],0.7848,0.6111,сессионный,4.8324,0.1771
E04_riemann,ts_ref_lap,0.4508,0.5846,0.3630,0.4197,55.0321,[50.1; 60.0],0.7912,0.6045,сессионный,2.5771,0.5063
E04_riemann,ts_ref_none,0.4486,0.5832,0.3630,0.4167,54.8586,[50.1; 59.7],0.7900,0.6010,сессионный,1.7032,0.1664
E04_riemann,ts_sm9,0.4342,0.5763,0.3630,0.4042,53.7868,[48.7; 58.9],0.7798,0.5975,сессионный,1.5800,0.1946
E05_original,b2_original_all17,0.4138,0.5561,0.3664,0.3828,52.0041,[48.7; 55.5],0.7624,0.5932,сессионный,0.5981,0.1033
E05_original,b2_original_sm11,0.4082,0.5584,0.3664,0.3998,51.7418,[48.1; 55.7],0.7774,0.5996,сессионный,0.2431,0.0352
E06_smoothing,covavg3,0.4505,0.5835,0.3630,0.4220,54.9798,[49.7; 60.2],0.7879,0.6178,сессионный,2.2631,0.1268
E06_smoothing,covavg5,0.4525,0.5849,0.3630,0.4300,55.1446,[49.6; 60.6],0.7971,0.6274,сессионный,2.0944,0.1256
E06_smoothing,covavg8,0.4476,0.5801,0.3630,0.4319,54.7021,[49.0; 60.1],0.8011,0.6370,сессионный,2.3102,0.0558
E06_smoothing,mdm_covavg5,0.3948,0.5460,0.3630,0.4358,50.5169,[46.8; 54.5],0.8749,0.6517,сессионный,2.0127,0.0961
E06_smoothing,skip0.5,0.4493,0.5837,0.3653,0.4140,54.9486,[49.9; 59.9],0.7802,0.6085,сессионный,2.3988,0.1477
E06_smoothing,skip1.0,0.4463,0.5812,0.3632,0.4092,54.6610,[49.6; 59.6],0.7743,0.6052,сессионный,1.2590,0.2318
E06_smoothing,tau0,0.4521,0.5850,0.3630,0.4185,55.1226,[50.1; 60.1],0.7849,0.6111,сессионный,1.3992,0.1506
E06_smoothing,tau0.5,0.4583,0.5917,0.3582,0.4276,55.6206,[50.6; 60.6],0.8023,0.6279,сессионный,1.4557,0.0782
E06_smoothing,tau1,0.4509,0.5834,0.3502,0.4265,54.8101,[49.8; 59.9],0.8020,0.6398,сессионный,1.2305,0.1507
E06_smoothing,tau2,0.4128,0.5480,0.3254,0.3986,51.0880,[46.2; 56.0],0.7679,0.6488,сессионный,1.3799,0.1398
E06_smoothing,tau3,0.3633,0.5070,0.2960,0.3536,46.4511,[42.0; 51.0],0.7227,0.6476,сессионный,2.2945,0.1312
E06_smoothing,tau4,0.3181,0.4743,0.2743,0.3133,42.4314,[38.3; 46.7],0.6834,0.6425,сессионный,1.8888,0.3237
E06_smoothing,tsmdm_covavg5,0.4596,0.5959,0.3630,0.4332,55.8977,[50.5; 61.3],0.8035,0.6286,сессионный,2.3249,0.3431
E07_bias,mdm_tau0.5_biasS,0.3904,0.5351,0.3632,0.4407,49.9223,[46.6; 53.4],0.8714,0.6546,сессионный,11.7698,0.1198
E07_bias,mdm_tau0_biasS,0.3985,0.5435,0.3664,0.4438,50.7106,[47.1; 54.6],0.8749,0.6517,сессионный,12.6020,0.1779
E07_bias,ts+mdm_tau0.5_biasS,0.4589,0.5916,0.3632,0.4339,55.7311,[50.3; 61.0],0.8054,0.6372,сессионный,15.7022,0.3486
E07_bias,ts+mdm_tau0.5_nobias,0.4567,0.5935,0.3582,0.4314,55.5785,[50.2; 61.0],0.8054,0.6372,сессионный,6.0031,0.2951
E07_bias,ts+mdm_tau0_biasS,0.4615,0.5947,0.3664,0.4355,56.0281,[50.5; 61.5],0.8035,0.6286,сессионный,11.4091,0.2267
E07_bias,ts_tau0.5_biasS,0.4518,0.5832,0.3632,0.4311,55.0515,[49.4; 60.6],0.7993,0.6360,сессионный,4.5516,0.2237
E07_bias,ts_tau0_biasS,0.4548,0.5848,0.3664,0.4322,55.3292,[49.7; 60.8],0.7971,0.6274,сессионный,6.3084,0.2783
E08_transfer,glob_k0.5,0.4504,0.5860,0.3582,0.4310,54.9771,[49.4; 60.4],0.8063,0.6393,LOSO,2.0147,0.0978
E08_transfer,glob_k1,0.4534,0.5880,0.3582,0.4318,55.2174,[49.6; 60.7],0.8115,0.6418,LOSO,1.8862,0.1362
E08_transfer,glob_k2,0.4540,0.5902,0.3582,0.4328,55.3168,[49.9; 60.8],0.8189,0.6455,LOSO,2.5506,0.3431
E08_transfer,glob_k4,0.4513,0.5903,0.3582,0.4337,55.1624,[49.7; 60.6],0.8287,0.6507,LOSO,2.7257,0.3492
E08_transfer,glob_kinf,0.3885,0.5398,0.3582,0.3634,49.8784,[45.8; 54.3],0.8208,0.6505,LOSO,1.9775,0.2047
E08_transfer,sess_only,0.4479,0.5826,0.3582,0.4293,54.7263,[49.1; 60.2],0.7993,0.6360,LOSO,2.0682,0.1535
E09_nirs,hemo_nohp_slda,0.4173,0.5620,0.3470,0.4140,52.1042,[47.7; 56.8],0.7976,0.5987,сессионный,0.9530,0.0936
E09_nirs,mvp_bias,0.4587,0.5889,0.3962,0.4169,56.1289,[51.2; 61.3],0.7976,0.5987,сессионный,0.8340,0.2685
E09_nirs,mvp_lr0.01,0.4302,0.5594,0.3802,0.4140,53.2952,[48.3; 58.3],0.7976,0.5987,сессионный,0.4148,0.2119
E09_nirs,mvp_lr0.1,0.4419,0.5745,0.3909,0.4140,54.6085,[49.7; 59.7],0.7976,0.5987,сессионный,0.6468,0.1015
E09_nirs,mvp_slda,0.4571,0.5910,0.3919,0.4140,56.0335,[51.0; 61.4],0.7976,0.5987,сессионный,0.4166,0.1108
E09_nirs,n_base15,0.4488,0.5837,0.3614,0.4293,54.8602,[49.2; 60.4],0.7993,0.6360,сессионный,2.7087,0.1328
E09_nirs,n_base30,0.4479,0.5825,0.3605,0.4293,54.7547,[49.2; 60.2],0.7993,0.6360,сессионный,1.9549,0.1414
E09_nirs,n_cascade,0.4337,0.5736,0.3515,0.4293,53.5039,[48.2; 58.8],0.7993,0.6360,сессионный,2.1255,0.3204
E09_nirs,n_cbsi,0.4369,0.5695,0.3270,0.4293,53.2046,[47.5; 58.8],0.7993,0.6360,сессионный,2.4205,0.4258
E09_nirs,n_gsr,0.4487,0.5819,0.3554,0.4293,54.7072,[49.2; 60.1],0.7993,0.6360,сессионный,3.8243,0.1696
E09_nirs,n_hemo,0.4479,0.5826,0.3582,0.4293,54.7263,[49.1; 60.2],0.7993,0.6360,сессионный,2.6218,0.1182
E09_nirs,n_lags0-4,0.4459,0.5788,0.3673,0.4293,54.6285,[48.9; 60.3],0.7993,0.6360,сессионный,3.2654,0.3586
E09_nirs,n_lags0-8,0.4516,0.5863,0.3551,0.4293,55.0074,[49.7; 60.2],0.7993,0.6360,сессионный,2.9123,0.1791
E09_nirs,n_level_only,0.4437,0.5762,0.3429,0.4293,54.0551,[48.5; 59.5],0.7993,0.6360,сессионный,1.8738,0.1167
E09_nirs,n_lr,0.4353,0.5668,0.3605,0.4293,53.5325,[48.0; 59.1],0.7993,0.6360,сессионный,2.5495,0.1569
E09_nirs,n_mvp,0.4383,0.5699,0.3882,0.4293,54.2196,[48.4; 60.1],0.7993,0.6360,сессионный,3.7327,0.1043
E09_nirs,n_regions,0.4322,0.5629,0.3154,0.4293,52.5508,[46.9; 58.1],0.7993,0.6360,сессионный,3.1644,0.2008
E09_nirs,n_slope_only,0.4417,0.5739,0.3895,0.4293,54.5612,[48.9; 60.1],0.7993,0.6360,сессионный,1.9972,0.1425
E09_nirs,n_tau0,0.4512,0.5853,0.3630,0.4293,55.0776,[49.3; 60.7],0.7993,0.6360,сессионный,1.9323,0.1034
E09_nirs,n_tau2,0.4375,0.5722,0.3254,0.4293,53.3010,[47.8; 58.7],0.7993,0.6360,сессионный,2.1758,0.1621
E09_nirs,n_tau4,0.4270,0.5616,0.2743,0.4293,51.5849,[46.1; 56.9],0.7993,0.6360,сессионный,4.0659,0.1169
E09_nirs,slope_bias,0.4623,0.5907,0.4000,0.4169,56.4613,[51.7; 61.2],0.7976,0.5987,сессионный,0.9828,0.1598
E09_nirs,slope_lags0-4_slda,0.4559,0.5865,0.3875,0.4140,55.7605,[50.9; 60.6],0.7976,0.5987,сессионный,0.4896,0.0878
E09_nirs,slope_lr0.1,0.4453,0.5769,0.3886,0.4140,54.8548,[50.1; 59.6],0.7976,0.5987,сессионный,0.9127,0.0929
E09_nirs,slope_nohp_slda,0.4627,0.5970,0.3986,0.4140,56.6488,[51.7; 61.7],0.7976,0.5987,сессионный,0.7556,0.0999
E09_nirs,slope_slda,0.4586,0.5922,0.3959,0.4140,56.2223,[51.3; 61.1],0.7976,0.5987,сессионный,1.2582,0.1737
E10_fusion,A_ts,0.4627,0.5966,0.3986,0.4373,56.6377,[50.5; 62.6],0.8254,0.6411,LOSO,2.0398,0.1290
E10_fusion,A_ts_rcall,0.4647,0.5972,0.3986,0.4389,56.7752,[50.8; 62.6],0.8255,0.6412,LOSO,2.6231,0.2915
E10_fusion,A_ts_rcall_loglinear_global,0.4792,0.6132,0.3984,0.4458,58.1213,[52.4; 63.8],0.8255,0.6412,LOSO,3.8373,0.1466
E10_fusion,A_ts_rcall_loglinear_session,0.4792,0.6099,0.4046,0.4463,58.1167,[52.4; 63.7],0.8255,0.6412,LOSO,4.3884,0.2494
E10_fusion,A_ts_tau0.5,0.4630,0.5992,0.3986,0.4337,56.7355,[50.5; 62.9],0.8287,0.6507,LOSO,2.1020,0.2356
E10_fusion,B_tsmdm,0.4772,0.6141,0.3986,0.4460,58.0308,[51.8; 64.2],0.8398,0.6468,LOSO,3.5723,0.2912
E10_fusion,B_tsmdm_rcall,0.4810,0.6153,0.3986,0.4477,58.2962,[52.1; 64.3],0.8399,0.6470,LOSO,4.5470,0.2888
E10_fusion,B_tsmdm_rcall_loglinear_global,0.4859,0.6206,0.3984,0.4552,58.7468,[53.2; 64.3],0.8399,0.6470,LOSO,5.1936,0.7551
E10_fusion,B_tsmdm_rcall_loglinear_session,0.4886,0.6186,0.4046,0.4569,58.9431,[53.3; 64.4],0.8399,0.6470,LOSO,10.8197,0.1408
E10_fusion,B_tsmdm_rcall_stacking_global,0.4788,0.6050,0.3984,0.4552,57.8560,[51.7; 63.6],0.8399,0.6470,LOSO,3.1988,0.1171
E10_fusion,B_tsmdm_rcall_stacking_session,0.4804,0.6030,0.4046,0.4569,57.9845,[52.0; 63.7],0.8399,0.6470,LOSO,12.6192,0.2909
E10_fusion,C_tsmdmLE_rcall_k2,0.4729,0.6061,0.3986,0.4413,57.5370,[51.5; 63.4],0.8276,0.6400,LOSO,1.0660,0.2318
E10_fusion,C_tsmdmLE_rcall_k4,0.4810,0.6153,0.3986,0.4477,58.3000,[52.2; 64.3],0.8399,0.6470,LOSO,1.7592,0.0823
E10_fusion,C_tsmdmLE_rcall_k8,0.4870,0.6237,0.3986,0.4557,58.9116,[52.9; 64.8],0.8532,0.6567,LOSO,1.0586,0.0667
E10_fusion,D_norm_T0.5_k1,0.4945,0.6307,0.3986,0.4678,59.5702,[53.3; 65.7],0.8718,0.6676,LOSO,1.6105,0.0983
E10_fusion,D_norm_T0.5_k2,0.4964,0.6337,0.3986,0.4675,59.7754,[53.5; 65.9],0.8714,0.6733,LOSO,1.1304,0.1600
E10_fusion,D_norm_T0.5_k4,0.4920,0.6307,0.3986,0.4644,59.4189,[53.0; 65.6],0.8652,0.6746,LOSO,0.8802,0.1227
E10_fusion,D_norm_T1_k0.5,0.5037,0.6404,0.3986,0.4693,60.4126,[54.2; 66.5],0.8781,0.6694,LOSO,1.2363,0.1071
E10_fusion,D_norm_T1_k1,0.5039,0.6414,0.3986,0.4709,60.4543,[54.3; 66.4],0.8767,0.6745,LOSO,1.3912,0.0516
E10_fusion,D_norm_T1_k2,0.5012,0.6386,0.3986,0.4680,60.2067,[54.1; 66.1],0.8702,0.6754,LOSO,0.9232,0.0443
E10_fusion,D_norm_T1_k4,0.4909,0.6307,0.3986,0.4567,59.3538,[53.1; 65.2],0.8587,0.6705,LOSO,1.2921,0.0734
E10_fusion,D_norm_T1_k8,0.4761,0.6173,0.3986,0.4414,58.0619,[52.0; 63.8],0.8450,0.6620,LOSO,1.0167,0.1017
E10_fusion,D_norm_T2_k4,0.4830,0.6254,0.3986,0.4485,58.7198,[52.7; 64.4],0.8520,0.6640,LOSO,1.3091,0.0537
E10_fusion,E_loglinear_global,0.4988,0.6366,0.4009,0.4709,60.0436,[53.9; 66.1],0.8767,0.6745,LOSO,1.1858,0.2951
E10_fusion,E_loglinear_none,0.4988,0.6366,0.3986,0.4709,60.0091,[53.9; 66.1],0.8767,0.6745,LOSO,1.7342,0.1067
E10_fusion,E_loglinear_session,0.5031,0.6358,0.4050,0.4730,60.3323,[54.0; 66.3],0.8767,0.6745,LOSO,2.8246,0.1065
E10_fusion,E_stacking_global,0.4979,0.6373,0.4009,0.4709,60.0044,[53.8; 65.9],0.8767,0.6745,LOSO,1.1429,0.0677
E10_fusion,E_stacking_session,0.5003,0.6356,0.4050,0.4730,60.1631,[54.0; 66.0],0.8767,0.6745,LOSO,2.4175,0.0618
E10_fusion,G_biasS,0.5067,0.6400,0.4032,0.4730,60.6508,[54.4; 66.8],0.8767,0.6745,LOSO,3.1875,0.1239
E10_fusion,G_globC0.01,0.5038,0.6414,0.3986,0.4705,60.4467,[54.3; 66.4],0.8769,0.6744,LOSO,1.3375,0.0764
E10_fusion,G_globC1,0.5037,0.6413,0.3986,0.4710,60.4429,[54.3; 66.4],0.8767,0.6745,LOSO,1.1020,0.0757
E10_fusion,G_tau0.5,0.4996,0.6388,0.3986,0.4734,60.1209,[53.9; 66.2],0.8779,0.6838,LOSO,1.2760,0.3313
E10_fusion,G_tsonly,0.4891,0.6239,0.3986,0.4612,59.0461,[52.7; 65.1],0.8565,0.6631,LOSO,1.1233,0.0841
E11_controls,B3,0.4525,0.5849,0.3630,0.4300,55.1446,[49.6; 60.6],0.7971,0.6274,LOSO,1.0260,0.0464
E11_controls,B3_band100_LEAKDEMO,0.4262,0.5558,0.3630,0.4119,52.6910,[49.0; 56.3],0.7857,0.5908,LOSO,1.8689,0.0528
E11_controls,B3_band40,0.4415,0.5784,0.3630,0.4258,54.2856,[48.7; 59.6],0.8031,0.6167,LOSO,1.3864,0.1145
E11_controls,B3_ch_all17,0.4621,0.5951,0.3630,0.4472,56.0234,[50.3; 61.6],0.8225,0.6488,LOSO,2.0224,0.0905
E11_controls,B3_ch_sm9,0.4459,0.5836,0.3630,0.4154,54.7053,[49.4; 60.1],0.7902,0.6130,LOSO,0.7793,0.0535
E11_controls,final,0.5067,0.6400,0.4032,0.4730,60.6508,[54.4; 66.8],0.8767,0.6745,LOSO,2.5683,0.0606
E11_controls,final_band100_LEAKDEMO,0.4920,0.6362,0.4032,0.4549,59.6514,[54.7; 64.3],0.8870,0.6565,LOSO,5.0130,0.0608
E11_controls,final_band40,0.4996,0.6399,0.4032,0.4675,60.2203,[54.0; 66.2],0.8762,0.6688,LOSO,3.7055,0.0507
E11_controls,final_ch_all17,0.5331,0.6581,0.4032,0.4980,62.7817,[56.7; 68.6],0.8870,0.6984,LOSO,6.7145,0.1097
E11_controls,final_ch_sm9,0.5000,0.6353,0.4032,0.4714,60.1077,[53.6; 66.1],0.8745,0.6669,LOSO,2.0457,0.0684
E12_final_loso,final,0.5067,0.6400,0.4032,0.4730,60.6508,[54.4; 66.8],0.8767,0.6745,LOSO,1.2041,0.0301
E13_csp,+asym_bp4-30,0.5101,0.6414,0.4032,0.4745,60.8968,[54.7; 66.9],0.8770,0.6753,LOSO,1.8167,0.0372
E13_csp,+cspOnly_colleague_filters_on_bp4-30,0.5062,0.6404,0.4032,0.4759,60.6339,[54.4; 66.7],0.8771,0.6746,LOSO,2.0267,0.0913
E13_csp,+cspOnly_colleague_raw,0.5054,0.6402,0.4032,0.4763,60.5751,[54.4; 66.5],0.8772,0.6739,LOSO,1.9029,0.0447
E13_csp,+cspOnly_loso_bp4-30,0.5080,0.6411,0.4032,0.4748,60.7589,[54.6; 66.7],0.8771,0.6752,LOSO,1.9954,0.0512
E13_csp,+csp_colleague_filters_on_bp4-30,0.5070,0.6405,0.4032,0.4761,60.6813,[54.5; 66.7],0.8768,0.6750,LOSO,1.9450,0.0423
E13_csp,+csp_colleague_raw,0.5064,0.6405,0.4032,0.4748,60.6455,[54.6; 66.6],0.8771,0.6732,LOSO,1.8887,0.0482
E13_csp,+csp_loso_bp4-30,0.5084,0.6405,0.4032,0.4762,60.7698,[54.6; 66.7],0.8768,0.6753,LOSO,1.9664,0.0630
E13_csp,+csp_loso_raw,0.5062,0.6401,0.4032,0.4765,60.6221,[54.6; 66.5],0.8772,0.6732,LOSO,2.2998,0.0421
E13_csp,+powAsym_bp4-30,0.5083,0.6404,0.4032,0.4748,60.7572,[54.5; 66.7],0.8771,0.6753,LOSO,1.9840,0.0474
E13_csp,base,0.5067,0.6400,0.4032,0.4730,60.6508,[54.4; 66.8],0.8767,0.6745,LOSO,2.0180,0.0478
E13_csp,csponly_colleague_raw,0.3046,0.4293,0.3986,0.2721,42.1352,[39.5; 44.5],0.6494,0.5238,LOSO,0.1550,0.0364
E13_csp,csponly_loso_bp4-30,0.3944,0.5214,0.3986,0.3592,50.2875,[46.1; 54.6],0.7432,0.5885,LOSO,0.1235,0.0316
E13_csp,csponly_loso_raw,0.3042,0.4320,0.3986,0.2743,42.1910,[39.7; 44.7],0.6575,0.5268,LOSO,0.1258,0.0355
E14_csp3,A_+CSP3_colleague,0.5065,0.6404,0.4032,0.4729,60.6516,[54.5; 66.7],0.8777,0.6756,LOSO,2.8614,0.1619
E14_csp3,A_+CSP3_loso,0.5075,0.6404,0.4032,0.4740,60.7109,[54.6; 66.7],0.8775,0.6754,LOSO,2.4708,0.1363
E14_csp3,B_only_CSP3+power+asym_colleague,0.4483,0.5717,0.3986,0.4185,55.0282,[50.2; 59.9],0.8033,0.6166,LOSO,0.2460,0.0449
E14_csp3,B_only_CSP3+power+asym_loso,0.4489,0.5738,0.3986,0.4161,55.1250,[50.4; 60.0],0.8036,0.6154,LOSO,0.3531,0.0776
E14_csp3,B_only_CSP3_colleague,0.4244,0.5541,0.3986,0.3954,53.0658,[48.2; 57.9],0.7887,0.5965,LOSO,0.2534,0.0869
E14_csp3,B_only_CSP3_loso,0.4215,0.5539,0.3986,0.3872,52.8850,[48.2; 57.7],0.7891,0.5886,LOSO,0.2837,0.0605
E14_csp3,C_+CSP3+power_colleague,0.5066,0.6414,0.4032,0.4757,60.6883,[54.6; 66.7],0.8781,0.6769,LOSO,2.5811,0.0755
E14_csp3,C_+CSP3+power_loso,0.5070,0.6415,0.4032,0.4758,60.7171,[54.7; 66.7],0.8781,0.6766,LOSO,2.4955,0.0508
E14_csp3,D_+CSP3+power+asym_colleague,0.5078,0.6419,0.4032,0.4775,60.7733,[54.7; 66.8],0.8781,0.6773,LOSO,2.9774,0.1914
E14_csp3,D_+CSP3+power+asym_loso,0.5074,0.6419,0.4032,0.4768,60.7479,[54.7; 66.8],0.8781,0.6771,LOSO,2.5786,0.0672
E14_csp3,band_+CSP_15-25_loso,0.5053,0.6395,0.4032,0.4742,60.5529,[54.4; 66.6],0.8771,0.6749,LOSO,2.3813,0.0684
E14_csp3,band_+CSP_25-30_loso,0.5051,0.6396,0.4032,0.4730,60.5443,[54.4; 66.6],0.8768,0.6745,LOSO,2.1998,0.0534
E14_csp3,band_+CSP_4-15_loso,0.5057,0.6398,0.4032,0.4738,60.5853,[54.3; 66.7],0.8772,0.6750,LOSO,2.1757,0.0472
E14_csp3,base,0.5067,0.6400,0.4032,0.4730,60.6508,[54.4; 66.8],0.8767,0.6745,LOSO,2.5556,0.0954
