session,min_f1,macro_recall,nirs_min_f1,eeg_min_f1,predict_max_s,fit_max_s,windows_match
2025.12.01.16.04.01_N01,0.3641,0.5119,0.2914,0.3824,0.02584,0.05367,None
2025.12.04.13.29.33_N01,0.7404,0.8153,0.466,0.7662,0.02663,0.043506,None
2025.12.08.14.19.05_N02,0.4511,0.593,0.4691,0.4096,0.035757,0.038065,None
2025.12.09.12.52.43_N01,0.6819,0.7591,0.475,0.6104,0.018577,0.041952,None
2025.12.11.12.13.46_N03,0.5227,0.6662,0.2745,0.5377,0.025061,0.039322,None
2025.12.11.15.27.59_N02,0.462,0.648,0.3835,0.4613,0.05083,0.051577,None
2025.12.11.15.43.58_N02,0.4502,0.6394,0.5019,0.3736,0.02302,0.052388,None
2025.12.15.12.52.57_N03,0.3881,0.5162,0.2339,0.376,0.026574,0.057612,None
2025.12.15.13.16.37_N03,0.268,0.4694,0.4379,0.1915,0.204709,0.094742,None
2025.12.18.12.09.22_N03,0.6417,0.7899,nan,0.6417,0.003652,0.012849,None
2025.12.18.15.02.14_N02,0.3195,0.539,nan,0.3195,0.006649,0.013086,None
2026.01.14.13.55.34_N06,0.3448,0.6192,0.3908,0.4585,0.059767,0.056345,None
2026.01.15.14.53.23_N06,0.307,0.5423,0.3549,0.2853,0.034244,0.06274,None
2026.01.15.15.05.38_N06,0.3959,0.528,0.3614,0.4107,0.023973,0.053198,None
2026.01.16.13.40.51_N06,0.5172,0.6514,0.4401,0.5363,0.033112,0.060955,None
2026.01.20.13.28.05_N08,0.4966,0.6081,0.5006,0.4461,0.048712,0.065906,None
2026.01.21.13.29.25_N09,0.4006,0.6191,0.2751,0.4601,0.040989,0.052698,None
2026.01.21.15.25.36_N10,0.211,0.4297,0.2513,0.268,0.055642,0.04308,None
2026.01.22.14.36.16_N09,0.4045,0.5457,0.184,0.4177,0.150216,0.062578,None
2026.01.22.14.47.19_N09,0.3896,0.6498,0.2576,0.3729,0.077243,0.071731,None
2026.01.26.14.45.18_N09,0.2912,0.5593,0.2294,0.2516,0.021212,0.042727,None
2026.01.26.16.37.52_N08,0.4215,0.589,0.3842,0.3941,0.039399,0.068363,None
2026.01.26.16.49.30_N08,0.5268,0.6472,0.3194,0.5106,0.070779,0.068795,None
2026.01.28.13.14.05_N11,0.5663,0.6656,0.3666,0.6204,0.031665,0.056152,None
2026.02.02.13.15.04_N11,0.5786,0.7058,0.4714,0.4843,0.027862,0.058944,None
2026.02.02.13.27.56_N11,0.5431,0.6657,0.3796,0.5317,0.039775,0.057967,None
2026.02.09.13.04.04_N10,0.1254,0.4162,0.2491,0.1056,0.024346,0.048558,None
2026.02.09.13.17.04_N10,0.3054,0.4704,0.4069,0.3156,0.03598,0.053891,None
2026.02.12.12.14.18_N11,0.4983,0.7333,0.2661,0.4607,0.034358,0.053387,None
2026.02.12.14.14.43_N13,0.5662,0.6651,0.4282,0.5626,0.027115,0.05138,None
2026.02.16.13.43.38_N10,0.453,0.5618,0.2775,0.3989,0.023613,0.048511,None
2026.02.18.13.10.04_N13,0.7483,0.7907,0.4194,0.7568,0.023384,0.042539,None
2026.02.18.13.23.07_N13,0.7692,0.859,0.5086,0.7372,0.026802,0.049999,None
2026.02.18.14.51.46_N08,0.3399,0.528,0.2261,0.3797,0.02798,0.036958,None
2026.02.19.13.23.35_N13,0.9403,0.9582,0.8155,0.8406,0.022561,0.02132,None
2026.02.20.17.10.45_N14,0.4324,0.5602,0.5082,0.3715,0.034032,0.044839,None
2026.02.20.17.25.24_N14,0.2797,0.4872,0.237,0.2635,0.028359,0.112805,None
2026.02.24.16.07.40_N15,0.4006,0.5487,0.4109,0.3639,0.053426,0.052232,None
2026.02.27.13.11.59_N15,0.381,0.498,0.5032,0.4011,0.018146,0.067163,None
2026.02.27.13.24.42_N15,0.5006,0.566,0.503,0.4393,0.019949,0.032983,None
2026.03.04.12.51.22_N15,0.3314,0.4532,0.3295,0.4137,0.021899,0.107469,None
2026.03.10.17.02.53_N16,0.3554,0.5149,0.3768,0.369,0.019563,0.050131,None
2026.03.11.19.32.02_N16,0.4733,0.5549,0.3531,0.3226,0.205581,0.129353,None
2026.03.11.19.45.53_N16,0.2806,0.4229,0.3598,0.2665,0.022433,0.049281,None
2026.03.12.12.31.02_N16,0.2935,0.4756,0.3266,0.2659,0.019578,0.06605,None
2026.03.20.14.54.22_N14,0.3967,0.5321,0.2,0.4675,0.028287,0.029675,None
2026.03.20.15.16.33_N14,0.356,0.5223,0.3353,0.3666,0.019668,0.071404,None
2026.03.23.14.24.35_N17,0.4752,0.6355,0.4775,0.4199,0.028115,0.056823,None
2026.03.24.18.00.22_N18,0.7555,0.8464,0.5911,0.7136,0.022008,0.053995,None
2026.03.25.12.49.29_N18,0.554,0.701,0.5135,0.5281,0.030106,0.065693,None
2026.03.25.13.04.32_N18,0.4827,0.639,0.381,0.5203,0.017512,0.046701,None
2026.03.25.14.35.20_N17,0.6288,0.7196,0.3405,0.6813,0.05901,0.053139,None
2026.03.25.14.46.04_N17,0.7218,0.7813,0.2675,0.7144,0.029684,0.036025,None
2026.03.26.12.37.48_N18,0.5499,0.6731,0.4282,0.5198,0.075533,0.102039,None
2026.03.26.14.21.39_N17,0.812,0.8676,0.5552,0.722,0.036134,0.075147,None
2026.03.27.16.34.41_N14,0.5296,0.63,0.3782,0.4174,0.026123,0.070202,None
