вариант,F,P,F1 покой,F1 левая,F1 правая,EEG F,AUC п/в,AUC Л/П
base,0.5067,0.6400,0.8410,0.5393,0.5282,0.4730,0.8767,0.6745
A_+CSP3_colleague,0.5065,0.6404,0.8414,0.5400,0.5282,0.4729,0.8777,0.6756
C_+CSP3+power_colleague,0.5066,0.6414,0.8424,0.5417,0.5288,0.4757,0.8781,0.6769
D_+CSP3+power+asym_colleague,0.5078,0.6418,0.8425,0.5413,0.5304,0.4775,0.8781,0.6773
A_+CSP3_loso,0.5075,0.6405,0.8416,0.5403,0.5283,0.4740,0.8775,0.6754
C_+CSP3+power_loso,0.5070,0.6415,0.8424,0.5413,0.5295,0.4758,0.8781,0.6766
D_+CSP3+power+asym_loso,0.5074,0.6419,0.8424,0.5420,0.5301,0.4768,0.8781,0.6771
band_+CSP_4-15_loso,0.5057,0.6398,0.8415,0.5387,0.5276,0.4738,0.8772,0.6750
band_+CSP_15-25_loso,0.5053,0.6395,0.8409,0.5393,0.5267,0.4742,0.8771,0.6749
band_+CSP_25-30_loso,0.5051,0.6396,0.8409,0.5391,0.5272,0.4730,0.8768,0.6745
B_only_CSP3_colleague,0.4244,0.5541,0.7307,0.4598,0.4521,0.3954,0.7887,0.5965
B_only_CSP3_loso,0.4215,0.5539,0.7317,0.4532,0.4545,0.3872,0.7891,0.5886
B_only_CSP3+power+asym_colleague,0.4483,0.5717,0.7490,0.4793,0.4699,0.4185,0.8033,0.6166
B_only_CSP3+power+asym_loso,0.4489,0.5738,0.7496,0.4777,0.4754,0.4161,0.8036,0.6154
